LPCHMCBP_00001	0
LPCHMCBP_00002	0
LPCHMCBP_00003	0
LPCHMCBP_00004	0
LPCHMCBP_00005	0
LPCHMCBP_00006	0
LPCHMCBP_00022	0
LPCHMCBP_00024	8711
LPCHMCBP_00025	4062
LPCHMCBP_00026	20049
LPCHMCBP_00027	2230
LPCHMCBP_00028	22736
LPCHMCBP_00029	230
LPCHMCBP_00030	66547
LPCHMCBP_00031	58725
LPCHMCBP_00032	4236
LPCHMCBP_00033	648
LPCHMCBP_00034	2721
LPCHMCBP_00035	2
LPCHMCBP_00036	1264
LPCHMCBP_00037	2667
LPCHMCBP_00038	1
LPCHMCBP_00039	7184
LPCHMCBP_00040	880
LPCHMCBP_00041	16204
LPCHMCBP_00042	1422
LPCHMCBP_00043	1283
LPCHMCBP_00044	4782
LPCHMCBP_00045	481
LPCHMCBP_00046	0
LPCHMCBP_00047	14093
LPCHMCBP_00048	7795
LPCHMCBP_00049	13321
LPCHMCBP_00050	7759
LPCHMCBP_00051	11102
LPCHMCBP_00052	10691
LPCHMCBP_00053	2419
LPCHMCBP_00054	17114
LPCHMCBP_00055	12393
LPCHMCBP_00056	26778
LPCHMCBP_00057	26533
LPCHMCBP_00058	52317
LPCHMCBP_00059	14992
LPCHMCBP_00060	18354
LPCHMCBP_00061	36712
LPCHMCBP_00062	34213
LPCHMCBP_00063	30554
LPCHMCBP_00064	24977
LPCHMCBP_00065	34062
LPCHMCBP_00066	19141
LPCHMCBP_00067	445
LPCHMCBP_00068	5973
LPCHMCBP_00069	2971
LPCHMCBP_00070	2802
LPCHMCBP_00071	2848
LPCHMCBP_00072	95570
LPCHMCBP_00073	24861
LPCHMCBP_00074	11171
LPCHMCBP_00075	1901
LPCHMCBP_00076	64
LPCHMCBP_00077	7709
LPCHMCBP_00078	9543
LPCHMCBP_00079	3189
LPCHMCBP_00080	692
LPCHMCBP_00081	9717
LPCHMCBP_00082	1825
LPCHMCBP_00083	575
LPCHMCBP_00084	3452
LPCHMCBP_00085	573
LPCHMCBP_00086	794
LPCHMCBP_00087	7079
LPCHMCBP_00088	8403
LPCHMCBP_00089	9367
LPCHMCBP_00090	908
LPCHMCBP_00091	244
LPCHMCBP_00092	728
LPCHMCBP_00093	530
LPCHMCBP_00094	0
LPCHMCBP_00095	0
LPCHMCBP_00096	25
LPCHMCBP_00097	1620
LPCHMCBP_00098	4737
LPCHMCBP_00099	2572
LPCHMCBP_00100	4208
LPCHMCBP_00101	4538
LPCHMCBP_00102	19403
LPCHMCBP_00103	10012
LPCHMCBP_00104	943
LPCHMCBP_00105	1
LPCHMCBP_00106	11179
LPCHMCBP_00107	6854
LPCHMCBP_00108	5663
LPCHMCBP_00109	4568
LPCHMCBP_00110	1006
LPCHMCBP_00111	874
LPCHMCBP_00112	3232
LPCHMCBP_00113	4454
LPCHMCBP_00114	3825
LPCHMCBP_00115	1383
LPCHMCBP_00116	1011
LPCHMCBP_00117	2326
LPCHMCBP_00118	461
LPCHMCBP_00119	6683
LPCHMCBP_00120	0
LPCHMCBP_00121	19034
LPCHMCBP_00122	7249
LPCHMCBP_00123	5117
LPCHMCBP_00124	2449
LPCHMCBP_00125	6341
LPCHMCBP_00126	12609
LPCHMCBP_00127	6988
LPCHMCBP_00128	17808
LPCHMCBP_00129	3878
LPCHMCBP_00130	7256
LPCHMCBP_00131	3670
LPCHMCBP_00132	1973
LPCHMCBP_00133	2701
LPCHMCBP_00134	2441
LPCHMCBP_00135	3141
LPCHMCBP_00136	7831
LPCHMCBP_00137	4804
LPCHMCBP_00138	304
LPCHMCBP_00139	4063
LPCHMCBP_00140	46
LPCHMCBP_00141	0
LPCHMCBP_00142	0
LPCHMCBP_00143	3
LPCHMCBP_00144	0
LPCHMCBP_00145	0
LPCHMCBP_00146	0
LPCHMCBP_00148	4
LPCHMCBP_00149	0
LPCHMCBP_00150	0
LPCHMCBP_00151	0
LPCHMCBP_00152	13
LPCHMCBP_00153	0
LPCHMCBP_00154	0
LPCHMCBP_00155	0
LPCHMCBP_00156	17
LPCHMCBP_00157	39
LPCHMCBP_00158	78
LPCHMCBP_00159	1
LPCHMCBP_00160	6
LPCHMCBP_00161	6
LPCHMCBP_00162	6
LPCHMCBP_00163	6
LPCHMCBP_00164	3
LPCHMCBP_00165	5
LPCHMCBP_00166	2
LPCHMCBP_00167	17
LPCHMCBP_00168	1
LPCHMCBP_00169	55
LPCHMCBP_00170	15
LPCHMCBP_00171	27
LPCHMCBP_00172	3
LPCHMCBP_00173	2
LPCHMCBP_00174	47
LPCHMCBP_00175	21
LPCHMCBP_00176	13
LPCHMCBP_00177	1
LPCHMCBP_00178	449
LPCHMCBP_00179	65
LPCHMCBP_00180	23
LPCHMCBP_00181	0
LPCHMCBP_00182	0
LPCHMCBP_00183	0
LPCHMCBP_00184	0
LPCHMCBP_00185	23
LPCHMCBP_00186	8
LPCHMCBP_00187	31
LPCHMCBP_00188	7
LPCHMCBP_00189	28
LPCHMCBP_00190	3
LPCHMCBP_00191	20
LPCHMCBP_00192	12
LPCHMCBP_00193	3
LPCHMCBP_00194	206
LPCHMCBP_00195	114
LPCHMCBP_00196	91
LPCHMCBP_00197	0
LPCHMCBP_00198	22
LPCHMCBP_00199	2
LPCHMCBP_00200	8
LPCHMCBP_00201	22
LPCHMCBP_00202	78
LPCHMCBP_00203	13
LPCHMCBP_00204	35
LPCHMCBP_00205	166
LPCHMCBP_00206	956
LPCHMCBP_00207	66
LPCHMCBP_00208	217
LPCHMCBP_00209	25
LPCHMCBP_00210	870
LPCHMCBP_00211	380
LPCHMCBP_00212	168
LPCHMCBP_00213	1108
LPCHMCBP_00214	23828
LPCHMCBP_00215	2978
LPCHMCBP_00216	1647
LPCHMCBP_00217	160
LPCHMCBP_00218	474
LPCHMCBP_00219	5268
LPCHMCBP_00220	3443
LPCHMCBP_00221	4883
LPCHMCBP_00222	4987
LPCHMCBP_00223	3604
LPCHMCBP_00224	9673
LPCHMCBP_00225	3714
LPCHMCBP_00227	126
LPCHMCBP_00228	0
LPCHMCBP_00229	25
LPCHMCBP_00230	27
LPCHMCBP_00231	30
LPCHMCBP_00232	11100
LPCHMCBP_00233	4515
LPCHMCBP_00234	504
LPCHMCBP_00235	25
LPCHMCBP_00236	293
LPCHMCBP_00237	63
LPCHMCBP_00238	3886
LPCHMCBP_00239	15649
LPCHMCBP_00240	8488
LPCHMCBP_00241	901
LPCHMCBP_00242	390
LPCHMCBP_00243	891
LPCHMCBP_00244	2436
LPCHMCBP_00245	55
LPCHMCBP_00246	426
LPCHMCBP_00247	110
LPCHMCBP_00248	90948
LPCHMCBP_00249	174989
LPCHMCBP_00250	43473
LPCHMCBP_00251	52409
LPCHMCBP_00252	1066
LPCHMCBP_00253	1396
LPCHMCBP_00254	1274
LPCHMCBP_00255	701
LPCHMCBP_00256	5072
LPCHMCBP_00257	103
LPCHMCBP_00258	497
LPCHMCBP_00259	1679
LPCHMCBP_00260	1493
LPCHMCBP_00261	1120
LPCHMCBP_00262	176
LPCHMCBP_00263	143
LPCHMCBP_00264	49
LPCHMCBP_00265	316
LPCHMCBP_00266	176
LPCHMCBP_00267	654
LPCHMCBP_00268	4092
LPCHMCBP_00269	1729
LPCHMCBP_00270	980
LPCHMCBP_00271	588
LPCHMCBP_00272	1808
LPCHMCBP_00273	4947
LPCHMCBP_00274	4324
LPCHMCBP_00275	1187
LPCHMCBP_00276	816
LPCHMCBP_00277	859
LPCHMCBP_00278	6826
LPCHMCBP_00279	0
LPCHMCBP_00280	8707
LPCHMCBP_00281	585
LPCHMCBP_00282	4891
LPCHMCBP_00283	6018
LPCHMCBP_00284	711
LPCHMCBP_00285	8899
LPCHMCBP_00286	2011
LPCHMCBP_00287	4181
LPCHMCBP_00288	830
LPCHMCBP_00289	1509
LPCHMCBP_00290	447
LPCHMCBP_00291	361
LPCHMCBP_00292	14238
LPCHMCBP_00293	7236
LPCHMCBP_00294	16732
LPCHMCBP_00295	7093
LPCHMCBP_00296	1751
LPCHMCBP_00297	1103
LPCHMCBP_00298	2722
LPCHMCBP_00299	27528
LPCHMCBP_00300	1198
LPCHMCBP_00301	1129
LPCHMCBP_00302	528
LPCHMCBP_00303	936
LPCHMCBP_00304	1161
LPCHMCBP_00305	186
LPCHMCBP_00306	2744
LPCHMCBP_00307	478
LPCHMCBP_00308	748
LPCHMCBP_00309	7945
LPCHMCBP_00310	7710
LPCHMCBP_00311	23
LPCHMCBP_00312	20
LPCHMCBP_00313	18
LPCHMCBP_00314	19
LPCHMCBP_00315	5
LPCHMCBP_00316	38
LPCHMCBP_00317	45
LPCHMCBP_00318	650
LPCHMCBP_00319	964
LPCHMCBP_00320	2650
LPCHMCBP_00321	1322
LPCHMCBP_00322	708
LPCHMCBP_00323	1012
LPCHMCBP_00324	1359
LPCHMCBP_00325	7248
LPCHMCBP_00326	2963
LPCHMCBP_00327	3575
LPCHMCBP_00328	640
LPCHMCBP_00329	473
LPCHMCBP_00330	0
LPCHMCBP_00331	174
LPCHMCBP_00332	31
LPCHMCBP_00333	129
LPCHMCBP_00334	8
LPCHMCBP_00335	37
LPCHMCBP_00336	27
LPCHMCBP_00337	50
LPCHMCBP_00338	25
LPCHMCBP_00339	50
LPCHMCBP_00340	8
LPCHMCBP_00341	13
LPCHMCBP_00342	11
LPCHMCBP_00343	15
LPCHMCBP_00344	84
LPCHMCBP_00345	532
LPCHMCBP_00346	64
LPCHMCBP_00347	142
LPCHMCBP_00348	170
LPCHMCBP_00349	141
LPCHMCBP_00350	267
LPCHMCBP_00351	348
LPCHMCBP_00352	8680
LPCHMCBP_00353	4354
LPCHMCBP_00354	1174
LPCHMCBP_00355	316
LPCHMCBP_00356	236
LPCHMCBP_00357	179
LPCHMCBP_00358	510
LPCHMCBP_00359	531
LPCHMCBP_00360	322
LPCHMCBP_00361	266
LPCHMCBP_00362	67
LPCHMCBP_00363	92
LPCHMCBP_00364	17
LPCHMCBP_00365	18
LPCHMCBP_00366	2715
LPCHMCBP_00367	1506
LPCHMCBP_00368	83
LPCHMCBP_00369	3955
LPCHMCBP_00370	195
LPCHMCBP_00371	29
LPCHMCBP_00372	8
LPCHMCBP_00373	62
LPCHMCBP_00374	9
LPCHMCBP_00375	260
LPCHMCBP_00376	798
LPCHMCBP_00377	1057
LPCHMCBP_00378	1426
LPCHMCBP_00379	112
LPCHMCBP_00380	1336
LPCHMCBP_00381	38705
LPCHMCBP_00382	29779
LPCHMCBP_00383	958
LPCHMCBP_00384	20700
LPCHMCBP_00385	7568
LPCHMCBP_00386	1338
LPCHMCBP_00387	4549
LPCHMCBP_00388	3822
LPCHMCBP_00389	5837
LPCHMCBP_00390	4647
LPCHMCBP_00391	492
LPCHMCBP_00392	1531
LPCHMCBP_00393	87
LPCHMCBP_00394	0
LPCHMCBP_00395	7818
LPCHMCBP_00421	0
LPCHMCBP_00423	0
LPCHMCBP_00424	36158
LPCHMCBP_00425	2937
LPCHMCBP_00426	2846
LPCHMCBP_00427	24074
LPCHMCBP_00428	5271
LPCHMCBP_00429	2354
LPCHMCBP_00430	8248
LPCHMCBP_00431	3677
LPCHMCBP_00432	886
LPCHMCBP_00433	2323
LPCHMCBP_00434	9280
LPCHMCBP_00435	683
LPCHMCBP_00436	78033
LPCHMCBP_00437	4290
LPCHMCBP_00438	1769
LPCHMCBP_00439	313
LPCHMCBP_00440	2385
LPCHMCBP_00441	66346
LPCHMCBP_00442	1316
LPCHMCBP_00443	4834
LPCHMCBP_00444	2949
LPCHMCBP_00445	1127
LPCHMCBP_00446	3542
LPCHMCBP_00447	18357
LPCHMCBP_00448	6379
LPCHMCBP_00449	6082
LPCHMCBP_00450	3584
LPCHMCBP_00451	1729
LPCHMCBP_00452	4572
LPCHMCBP_00453	4416
LPCHMCBP_00454	9214
LPCHMCBP_00455	800
LPCHMCBP_00456	1706
LPCHMCBP_00457	381
LPCHMCBP_00458	717
LPCHMCBP_00459	2875
LPCHMCBP_00460	596
LPCHMCBP_00461	9026
LPCHMCBP_00462	12804
LPCHMCBP_00463	3642
LPCHMCBP_00464	682
LPCHMCBP_00465	867
LPCHMCBP_00466	1805
LPCHMCBP_00467	3809
LPCHMCBP_00468	4834
LPCHMCBP_00469	1574
LPCHMCBP_00470	20229
LPCHMCBP_00471	13695
LPCHMCBP_00472	3033
LPCHMCBP_00473	4088
LPCHMCBP_00474	5149
LPCHMCBP_00475	2625
LPCHMCBP_00476	1479
LPCHMCBP_00477	2020
LPCHMCBP_00478	1007
LPCHMCBP_00479	3064
LPCHMCBP_00480	88
LPCHMCBP_00481	2437
LPCHMCBP_00482	3967
LPCHMCBP_00483	1712
LPCHMCBP_00484	5831
LPCHMCBP_00485	2030
LPCHMCBP_00486	18399
LPCHMCBP_00487	3432
LPCHMCBP_00488	5097
LPCHMCBP_00489	1785
LPCHMCBP_00490	1601
LPCHMCBP_00491	4451
LPCHMCBP_00492	1967
LPCHMCBP_00493	408
LPCHMCBP_00494	30
LPCHMCBP_00495	2
LPCHMCBP_00496	824
LPCHMCBP_00497	439
LPCHMCBP_00498	283
LPCHMCBP_00499	415
LPCHMCBP_00500	368
LPCHMCBP_00501	633
LPCHMCBP_00502	15672
LPCHMCBP_00503	448
LPCHMCBP_00504	73
LPCHMCBP_00505	357
LPCHMCBP_00506	1145
LPCHMCBP_00507	1555
LPCHMCBP_00508	15
LPCHMCBP_00509	127
LPCHMCBP_00510	360
LPCHMCBP_00511	175
LPCHMCBP_00512	179
LPCHMCBP_00513	94
LPCHMCBP_00514	7
LPCHMCBP_00515	597
LPCHMCBP_00516	416
LPCHMCBP_00517	942
LPCHMCBP_00518	3197
LPCHMCBP_00519	574
LPCHMCBP_00520	2593
LPCHMCBP_00521	38
LPCHMCBP_00522	758
LPCHMCBP_00523	1091
LPCHMCBP_00524	490
LPCHMCBP_00525	67
LPCHMCBP_00526	274
LPCHMCBP_00527	4
LPCHMCBP_00528	137
LPCHMCBP_00529	5
LPCHMCBP_00530	5
LPCHMCBP_00531	10
LPCHMCBP_00532	110
LPCHMCBP_00533	0
LPCHMCBP_00534	47
LPCHMCBP_00535	1217
LPCHMCBP_00536	99
LPCHMCBP_00537	3
LPCHMCBP_00538	4
LPCHMCBP_00539	4
LPCHMCBP_00540	8
LPCHMCBP_00541	7
LPCHMCBP_00542	0
LPCHMCBP_00543	23
LPCHMCBP_00544	0
LPCHMCBP_00545	17
LPCHMCBP_00546	41
LPCHMCBP_00547	53
LPCHMCBP_00548	136
LPCHMCBP_00549	917
LPCHMCBP_00550	614
LPCHMCBP_00551	137
LPCHMCBP_00552	202
LPCHMCBP_00553	98
LPCHMCBP_00554	2515
LPCHMCBP_00555	86
LPCHMCBP_00556	185
LPCHMCBP_00557	10
LPCHMCBP_00558	5
LPCHMCBP_00559	122
LPCHMCBP_00560	50
LPCHMCBP_00561	146
LPCHMCBP_00562	891
LPCHMCBP_00563	32
LPCHMCBP_00564	40
LPCHMCBP_00565	752
LPCHMCBP_00566	461
LPCHMCBP_00567	40
LPCHMCBP_00568	213
LPCHMCBP_00569	15
LPCHMCBP_00570	90
LPCHMCBP_00571	307
LPCHMCBP_00572	149
LPCHMCBP_00573	51
LPCHMCBP_00574	12
LPCHMCBP_00575	22
LPCHMCBP_00576	25
LPCHMCBP_00577	197
LPCHMCBP_00578	12
LPCHMCBP_00579	27
LPCHMCBP_00580	507
LPCHMCBP_00581	238
LPCHMCBP_00582	74
LPCHMCBP_00583	0
LPCHMCBP_00584	399
LPCHMCBP_00585	230
LPCHMCBP_00586	35532
LPCHMCBP_00587	59183
LPCHMCBP_00588	20260
LPCHMCBP_00589	1049
LPCHMCBP_00590	114
LPCHMCBP_00591	144
LPCHMCBP_00592	62
LPCHMCBP_00593	141
LPCHMCBP_00594	77
LPCHMCBP_00595	15
LPCHMCBP_00596	7
LPCHMCBP_00597	5
LPCHMCBP_00598	17
LPCHMCBP_00599	35
LPCHMCBP_00600	14
LPCHMCBP_00601	29
LPCHMCBP_00602	1229
LPCHMCBP_00603	64807
LPCHMCBP_00604	66399
LPCHMCBP_00605	482
LPCHMCBP_00606	195
LPCHMCBP_00607	295
LPCHMCBP_00608	1918
LPCHMCBP_00609	1419
LPCHMCBP_00610	10278
LPCHMCBP_00611	2066
LPCHMCBP_00612	795
LPCHMCBP_00613	795
LPCHMCBP_00614	6144
LPCHMCBP_00615	7100
LPCHMCBP_00616	1418
LPCHMCBP_00617	271
LPCHMCBP_00618	7323
LPCHMCBP_00619	5664
LPCHMCBP_00620	4676
LPCHMCBP_00621	9470
LPCHMCBP_00622	844
LPCHMCBP_00632	0
LPCHMCBP_00633	2134
LPCHMCBP_00634	1406
LPCHMCBP_00635	4840
LPCHMCBP_00636	14168
LPCHMCBP_00637	6593
LPCHMCBP_00638	9736
LPCHMCBP_00639	888
LPCHMCBP_00640	4035
LPCHMCBP_00641	3427
LPCHMCBP_00642	2066
LPCHMCBP_00643	8639
LPCHMCBP_00644	4151
LPCHMCBP_00645	119
LPCHMCBP_00646	5677
LPCHMCBP_00647	6250
LPCHMCBP_00648	1624
LPCHMCBP_00649	1459
LPCHMCBP_00650	9653
LPCHMCBP_00651	5106
LPCHMCBP_00652	1180
LPCHMCBP_00653	6501
LPCHMCBP_00654	16094
LPCHMCBP_00655	34349
LPCHMCBP_00656	12762
LPCHMCBP_00657	30732
LPCHMCBP_00658	13029
LPCHMCBP_00659	1
LPCHMCBP_00660	4394
LPCHMCBP_00661	2496
LPCHMCBP_00662	3862
LPCHMCBP_00663	10400
LPCHMCBP_00664	4792
LPCHMCBP_00665	10498
LPCHMCBP_00666	1932
LPCHMCBP_00667	1265
LPCHMCBP_00668	1093
LPCHMCBP_00669	669
LPCHMCBP_00670	662
LPCHMCBP_00671	8
LPCHMCBP_00672	291
LPCHMCBP_00673	1180
LPCHMCBP_00674	1271
LPCHMCBP_00675	49
LPCHMCBP_00676	90
LPCHMCBP_00677	6
LPCHMCBP_00678	109
LPCHMCBP_00679	473
LPCHMCBP_00680	493
LPCHMCBP_00681	41
LPCHMCBP_00682	21
LPCHMCBP_00683	36
LPCHMCBP_00684	150
LPCHMCBP_00685	50044
LPCHMCBP_00686	4673
LPCHMCBP_00687	1479
LPCHMCBP_00688	1000
LPCHMCBP_00689	9230
LPCHMCBP_00690	7629
LPCHMCBP_00691	2910
LPCHMCBP_00692	30519
LPCHMCBP_00693	16338
LPCHMCBP_00694	8955
LPCHMCBP_00695	6745
LPCHMCBP_00696	9398
LPCHMCBP_00697	7495
LPCHMCBP_00698	6134
LPCHMCBP_00699	67996
LPCHMCBP_00700	6371
LPCHMCBP_00701	2913
LPCHMCBP_00702	59599
LPCHMCBP_00703	56924
LPCHMCBP_00704	139140
LPCHMCBP_00705	337073
LPCHMCBP_00706	11417
LPCHMCBP_00707	48415
LPCHMCBP_00708	31644
LPCHMCBP_00709	15381
LPCHMCBP_00710	55192
LPCHMCBP_00711	26323
LPCHMCBP_00712	26258
LPCHMCBP_00713	77838
LPCHMCBP_00714	34276
LPCHMCBP_00715	14367
LPCHMCBP_00716	52328
LPCHMCBP_00717	31519
LPCHMCBP_00718	61195
LPCHMCBP_00719	36769
LPCHMCBP_00720	20737
LPCHMCBP_00721	37256
LPCHMCBP_00722	42545
LPCHMCBP_00723	40258
LPCHMCBP_00724	55432
LPCHMCBP_00725	12151
LPCHMCBP_00726	46516
LPCHMCBP_00727	141098
LPCHMCBP_00728	45699
LPCHMCBP_00729	17450
LPCHMCBP_00730	19077
LPCHMCBP_00731	27408
LPCHMCBP_00732	22600
LPCHMCBP_00733	74049
LPCHMCBP_00734	90618
LPCHMCBP_00735	2404
LPCHMCBP_00736	2989
LPCHMCBP_00737	1369
LPCHMCBP_00738	1046
LPCHMCBP_00739	1148
LPCHMCBP_00740	236
LPCHMCBP_00741	131
LPCHMCBP_00742	30
LPCHMCBP_00743	74
LPCHMCBP_00744	44
LPCHMCBP_00745	71
LPCHMCBP_00746	40
LPCHMCBP_00747	3722
LPCHMCBP_00748	7391
LPCHMCBP_00749	2439
LPCHMCBP_00750	36654
LPCHMCBP_00751	6333
LPCHMCBP_00752	9760
LPCHMCBP_00753	9624
LPCHMCBP_00754	41
LPCHMCBP_00755	2219
LPCHMCBP_00756	3197
LPCHMCBP_00757	1705
LPCHMCBP_00758	1742
LPCHMCBP_00759	11989
LPCHMCBP_00760	2768
LPCHMCBP_00761	14779
LPCHMCBP_00762	2008
LPCHMCBP_00763	4195
LPCHMCBP_00764	6351
LPCHMCBP_00765	637
LPCHMCBP_00766	84
LPCHMCBP_00767	144
LPCHMCBP_00768	109
LPCHMCBP_00769	291
LPCHMCBP_00770	34
LPCHMCBP_00771	81
LPCHMCBP_00772	97
LPCHMCBP_00773	13
LPCHMCBP_00774	2520
LPCHMCBP_00775	1500
LPCHMCBP_00776	18
LPCHMCBP_00777	54
LPCHMCBP_00778	140
LPCHMCBP_00779	0
LPCHMCBP_00780	16365
LPCHMCBP_00781	306
LPCHMCBP_00782	553
LPCHMCBP_00783	1660
LPCHMCBP_00784	124
LPCHMCBP_00785	1946
LPCHMCBP_00786	1050
LPCHMCBP_00787	466
LPCHMCBP_00788	52342
LPCHMCBP_00789	1159
LPCHMCBP_00790	1551
LPCHMCBP_00791	2015
LPCHMCBP_00792	1295
LPCHMCBP_00793	575
LPCHMCBP_00794	7350
LPCHMCBP_00795	5431
LPCHMCBP_00796	2115
LPCHMCBP_00797	2771
LPCHMCBP_00798	1193
LPCHMCBP_00799	1201
LPCHMCBP_00800	3115
LPCHMCBP_00801	5006
LPCHMCBP_00802	1820
LPCHMCBP_00803	4618
LPCHMCBP_00804	4332
LPCHMCBP_00805	61
LPCHMCBP_00806	2471
LPCHMCBP_00807	906
LPCHMCBP_00808	1304
LPCHMCBP_00809	4463
LPCHMCBP_00810	6993
LPCHMCBP_00811	1719
LPCHMCBP_00812	927
LPCHMCBP_00813	929
LPCHMCBP_00814	1649
LPCHMCBP_00815	1662
LPCHMCBP_00816	1618
LPCHMCBP_00817	20251
LPCHMCBP_00818	20482
LPCHMCBP_00819	95
LPCHMCBP_00820	6941
LPCHMCBP_00821	955
LPCHMCBP_00822	2899
LPCHMCBP_00823	896
LPCHMCBP_00824	2162
LPCHMCBP_00825	2134
LPCHMCBP_00826	794
LPCHMCBP_00827	5664
LPCHMCBP_00828	9
LPCHMCBP_00829	1
LPCHMCBP_00830	15
LPCHMCBP_00831	530
LPCHMCBP_00832	811
LPCHMCBP_00833	1324
LPCHMCBP_00834	603
LPCHMCBP_00835	582
LPCHMCBP_00836	50
LPCHMCBP_00837	6590
LPCHMCBP_00838	4739
LPCHMCBP_00839	28052
LPCHMCBP_00840	419
LPCHMCBP_00841	2623
LPCHMCBP_00842	669
LPCHMCBP_00843	164
LPCHMCBP_00844	754
LPCHMCBP_00845	7221
LPCHMCBP_00846	4735
LPCHMCBP_00847	473
LPCHMCBP_00848	719
LPCHMCBP_00849	38
LPCHMCBP_00850	51
LPCHMCBP_00851	126
LPCHMCBP_00852	420
LPCHMCBP_00853	144
LPCHMCBP_00854	722
LPCHMCBP_00855	11938
LPCHMCBP_00856	219
LPCHMCBP_00857	3599
LPCHMCBP_00858	6921
LPCHMCBP_00859	1914
LPCHMCBP_00860	11974
LPCHMCBP_00861	3
LPCHMCBP_00862	2983
LPCHMCBP_00863	77
LPCHMCBP_00864	858
LPCHMCBP_00865	78
LPCHMCBP_00866	40
LPCHMCBP_00867	15
LPCHMCBP_00868	16
LPCHMCBP_00869	28
LPCHMCBP_00870	318
LPCHMCBP_00871	422
LPCHMCBP_00872	380
LPCHMCBP_00873	353
LPCHMCBP_00874	5
LPCHMCBP_00875	630
LPCHMCBP_00876	4406
LPCHMCBP_00877	2750
LPCHMCBP_00878	1591
LPCHMCBP_00879	2192
LPCHMCBP_00880	2077
LPCHMCBP_00881	952
LPCHMCBP_00882	524
LPCHMCBP_00883	54264
LPCHMCBP_00884	11655
LPCHMCBP_00885	20487
LPCHMCBP_00886	90
LPCHMCBP_00887	158
LPCHMCBP_00888	11
LPCHMCBP_00889	479
LPCHMCBP_00890	108
LPCHMCBP_00891	257
LPCHMCBP_00892	473
LPCHMCBP_00893	14079
LPCHMCBP_00894	34
LPCHMCBP_00895	27
LPCHMCBP_00896	3763
LPCHMCBP_00897	315
LPCHMCBP_00898	3278
LPCHMCBP_00899	1321
LPCHMCBP_00900	2378
LPCHMCBP_00901	8206
LPCHMCBP_00902	6609
LPCHMCBP_00903	500
LPCHMCBP_00904	17
LPCHMCBP_00905	17
LPCHMCBP_00906	1362
LPCHMCBP_00907	230
LPCHMCBP_00908	1970
LPCHMCBP_00909	187
LPCHMCBP_00910	154
LPCHMCBP_00911	1
LPCHMCBP_00912	68
LPCHMCBP_00913	11
LPCHMCBP_00914	0
LPCHMCBP_00915	7
LPCHMCBP_00916	8
LPCHMCBP_00917	1
LPCHMCBP_00918	32
LPCHMCBP_00919	100
LPCHMCBP_00920	523
LPCHMCBP_00921	817
LPCHMCBP_00922	1781
LPCHMCBP_00923	107
LPCHMCBP_00924	27
LPCHMCBP_00925	24
LPCHMCBP_00926	104
LPCHMCBP_00927	225
LPCHMCBP_00928	2294
LPCHMCBP_00929	918
LPCHMCBP_00930	236
LPCHMCBP_00931	406
LPCHMCBP_00932	3891
LPCHMCBP_00933	101
LPCHMCBP_00934	67
LPCHMCBP_00935	28
LPCHMCBP_00936	96
LPCHMCBP_00937	171
LPCHMCBP_00938	161
LPCHMCBP_00939	8
LPCHMCBP_00940	41
LPCHMCBP_00941	348
LPCHMCBP_00942	448
LPCHMCBP_00943	1208
LPCHMCBP_00944	393
LPCHMCBP_00945	145
LPCHMCBP_00946	26
LPCHMCBP_00947	11
LPCHMCBP_00948	0
LPCHMCBP_00949	452
LPCHMCBP_00950	374
LPCHMCBP_00951	1300
LPCHMCBP_00952	59
LPCHMCBP_00953	73
LPCHMCBP_00954	1512
LPCHMCBP_00955	4404
LPCHMCBP_00956	250
LPCHMCBP_00957	466
LPCHMCBP_00958	496
LPCHMCBP_00959	809
LPCHMCBP_00960	462
LPCHMCBP_00961	262
LPCHMCBP_00962	199
LPCHMCBP_00963	35
LPCHMCBP_00964	14
LPCHMCBP_00965	1878
LPCHMCBP_00966	714
LPCHMCBP_00967	66
LPCHMCBP_00968	125
LPCHMCBP_00969	87
LPCHMCBP_00970	301
LPCHMCBP_00971	1395
LPCHMCBP_00972	523
LPCHMCBP_00973	273
LPCHMCBP_00974	850
LPCHMCBP_00975	1007
LPCHMCBP_00976	1057
LPCHMCBP_00977	576
LPCHMCBP_00978	529
LPCHMCBP_00979	158
LPCHMCBP_00980	456
LPCHMCBP_00981	188
LPCHMCBP_00982	446
LPCHMCBP_00983	109
LPCHMCBP_00984	1
LPCHMCBP_00985	3
LPCHMCBP_00986	314
LPCHMCBP_00987	1419
LPCHMCBP_00988	10794
LPCHMCBP_00989	9977
LPCHMCBP_00990	3550
LPCHMCBP_00991	345
LPCHMCBP_00992	271
LPCHMCBP_00993	2703
LPCHMCBP_00994	410
LPCHMCBP_00995	58
LPCHMCBP_00996	228
LPCHMCBP_00997	428
LPCHMCBP_00998	88
LPCHMCBP_00999	2325
LPCHMCBP_01000	147
LPCHMCBP_01001	407
LPCHMCBP_01002	85
LPCHMCBP_01003	162
LPCHMCBP_01004	452
LPCHMCBP_01005	755
LPCHMCBP_01006	1889
LPCHMCBP_01007	2961
LPCHMCBP_01008	103
LPCHMCBP_01009	82
LPCHMCBP_01010	178
LPCHMCBP_01011	320
LPCHMCBP_01012	172
LPCHMCBP_01013	2474
LPCHMCBP_01014	278
LPCHMCBP_01015	835
LPCHMCBP_01016	726
LPCHMCBP_01017	224
LPCHMCBP_01018	480
LPCHMCBP_01019	627
LPCHMCBP_01020	1935
LPCHMCBP_01021	1145
LPCHMCBP_01022	1106
LPCHMCBP_01023	1225
LPCHMCBP_01024	2724
LPCHMCBP_01025	6091
LPCHMCBP_01026	599
LPCHMCBP_01027	8316
LPCHMCBP_01028	19
LPCHMCBP_01029	43
LPCHMCBP_01030	1115
LPCHMCBP_01031	1828
LPCHMCBP_01032	560
LPCHMCBP_01033	189
LPCHMCBP_01034	1022
LPCHMCBP_01035	4654
LPCHMCBP_01036	372
LPCHMCBP_01037	321
LPCHMCBP_01038	859
LPCHMCBP_01039	1251
LPCHMCBP_01040	329
LPCHMCBP_01041	3785
LPCHMCBP_01042	683
LPCHMCBP_01043	4038
LPCHMCBP_01044	1097
LPCHMCBP_01045	2868
LPCHMCBP_01046	214
LPCHMCBP_01047	107
LPCHMCBP_01048	0
LPCHMCBP_01049	157
LPCHMCBP_01050	8536
LPCHMCBP_01051	9423
LPCHMCBP_01052	7077
LPCHMCBP_01053	10605
LPCHMCBP_01054	563
LPCHMCBP_01055	525
LPCHMCBP_01056	523
LPCHMCBP_01057	402
LPCHMCBP_01058	487
LPCHMCBP_01059	809
LPCHMCBP_01060	1337
LPCHMCBP_01061	757
LPCHMCBP_01062	1492
LPCHMCBP_01063	2834
LPCHMCBP_01064	1
LPCHMCBP_01065	16
LPCHMCBP_01066	536
LPCHMCBP_01067	492
LPCHMCBP_01068	1501
LPCHMCBP_01069	276
LPCHMCBP_01070	202
LPCHMCBP_01071	1577
LPCHMCBP_01072	243
LPCHMCBP_01073	650
LPCHMCBP_01074	170
LPCHMCBP_01075	1993
LPCHMCBP_01076	1896
LPCHMCBP_01077	839
LPCHMCBP_01078	670
LPCHMCBP_01079	2162
LPCHMCBP_01080	1727
LPCHMCBP_01081	3669
LPCHMCBP_01082	10085
LPCHMCBP_01083	463
LPCHMCBP_01084	1327
LPCHMCBP_01085	401
LPCHMCBP_01086	580
LPCHMCBP_01087	828
LPCHMCBP_01088	1269
LPCHMCBP_01089	98
LPCHMCBP_01090	1045
LPCHMCBP_01091	187
LPCHMCBP_01092	155
LPCHMCBP_01093	1203
LPCHMCBP_01094	201
LPCHMCBP_01095	69
LPCHMCBP_01096	23
LPCHMCBP_01097	678
LPCHMCBP_01098	430
LPCHMCBP_01099	22
LPCHMCBP_01100	62
LPCHMCBP_01101	77
LPCHMCBP_01102	203
LPCHMCBP_01103	71
LPCHMCBP_01104	51
LPCHMCBP_01105	47
LPCHMCBP_01106	63
LPCHMCBP_01107	7
LPCHMCBP_01108	90
LPCHMCBP_01109	7
LPCHMCBP_01110	3
LPCHMCBP_01111	21
LPCHMCBP_01112	12
LPCHMCBP_01113	2170
LPCHMCBP_01114	2032
LPCHMCBP_01115	11195
LPCHMCBP_01116	6837
LPCHMCBP_01117	4442
LPCHMCBP_01118	2388
LPCHMCBP_01119	1650
LPCHMCBP_01120	513
LPCHMCBP_01121	2718
LPCHMCBP_01122	1614
LPCHMCBP_01123	174
LPCHMCBP_01124	6846
LPCHMCBP_01125	1774
LPCHMCBP_01126	6777
LPCHMCBP_01127	2903
LPCHMCBP_01128	1867
LPCHMCBP_01129	378
LPCHMCBP_01130	259
LPCHMCBP_01131	5961
LPCHMCBP_01132	99
LPCHMCBP_01133	117
LPCHMCBP_01134	143
LPCHMCBP_01135	830
LPCHMCBP_01136	1256
LPCHMCBP_01137	5619
LPCHMCBP_01138	1796
LPCHMCBP_01139	825
LPCHMCBP_01140	1301
LPCHMCBP_01141	167
LPCHMCBP_01142	1251
LPCHMCBP_01143	7509
LPCHMCBP_01144	1031
LPCHMCBP_01145	2445
LPCHMCBP_01146	2193
LPCHMCBP_01147	1853
LPCHMCBP_01148	3044
LPCHMCBP_01149	1927
LPCHMCBP_01150	3926
LPCHMCBP_01151	1979
LPCHMCBP_01152	1480
LPCHMCBP_01153	5303
LPCHMCBP_01154	881
LPCHMCBP_01155	423
LPCHMCBP_01156	130
LPCHMCBP_01157	465
LPCHMCBP_01158	340
LPCHMCBP_01159	10
LPCHMCBP_01160	61
LPCHMCBP_01161	19
LPCHMCBP_01162	73
LPCHMCBP_01163	1987
LPCHMCBP_01164	2057
LPCHMCBP_01165	7472
LPCHMCBP_01166	1
LPCHMCBP_01167	298
LPCHMCBP_01168	103
LPCHMCBP_01169	52
LPCHMCBP_01170	107
LPCHMCBP_01171	14202
LPCHMCBP_01172	106
LPCHMCBP_01173	1049
LPCHMCBP_01174	80
LPCHMCBP_01175	11
LPCHMCBP_01176	18
LPCHMCBP_01177	120
LPCHMCBP_01178	385
LPCHMCBP_01179	279
LPCHMCBP_01180	43
LPCHMCBP_01181	537
LPCHMCBP_01182	1389
LPCHMCBP_01183	783
LPCHMCBP_01184	1
LPCHMCBP_01185	121
LPCHMCBP_01186	305
LPCHMCBP_01187	497
LPCHMCBP_01188	518
LPCHMCBP_01189	133
LPCHMCBP_01190	3756
LPCHMCBP_01191	4963
LPCHMCBP_01192	6091
LPCHMCBP_01193	709
LPCHMCBP_01194	1460
LPCHMCBP_01195	638
LPCHMCBP_01196	686
LPCHMCBP_01197	1083
LPCHMCBP_01198	1647
LPCHMCBP_01199	89
LPCHMCBP_01200	882
LPCHMCBP_01201	3594
LPCHMCBP_01202	4935
LPCHMCBP_01203	1422
LPCHMCBP_01204	98
LPCHMCBP_01205	34
LPCHMCBP_01206	145
LPCHMCBP_01207	120
LPCHMCBP_01208	1569
LPCHMCBP_01209	668
LPCHMCBP_01210	154
LPCHMCBP_01211	519
LPCHMCBP_01212	4320
LPCHMCBP_01213	493
LPCHMCBP_01214	745
LPCHMCBP_01215	1145
LPCHMCBP_01216	96
LPCHMCBP_01217	268
LPCHMCBP_01218	657
LPCHMCBP_01219	1301
LPCHMCBP_01220	4129
LPCHMCBP_01221	950
LPCHMCBP_01222	1760
LPCHMCBP_01223	201
LPCHMCBP_01224	3841
LPCHMCBP_01225	4299
LPCHMCBP_01226	2718
LPCHMCBP_01227	1578
LPCHMCBP_01228	2407
LPCHMCBP_01229	474
LPCHMCBP_01230	1116
LPCHMCBP_01231	1427
LPCHMCBP_01232	4576
LPCHMCBP_01233	509
LPCHMCBP_01234	2454
LPCHMCBP_01235	573
LPCHMCBP_01236	6716
LPCHMCBP_01237	343
LPCHMCBP_01238	588
LPCHMCBP_01239	672
LPCHMCBP_01240	1014
LPCHMCBP_01241	582
LPCHMCBP_01242	5461
LPCHMCBP_01243	28
LPCHMCBP_01244	117
LPCHMCBP_01245	747
LPCHMCBP_01246	401
LPCHMCBP_01247	805
LPCHMCBP_01248	1886
LPCHMCBP_01249	868
LPCHMCBP_01250	439
LPCHMCBP_01251	712
LPCHMCBP_01252	1019
LPCHMCBP_01253	795
LPCHMCBP_01254	546
LPCHMCBP_01255	1104
LPCHMCBP_01256	610
LPCHMCBP_01257	865
LPCHMCBP_01258	2007
LPCHMCBP_01259	7943
LPCHMCBP_01260	140
LPCHMCBP_01261	57
LPCHMCBP_01262	107
LPCHMCBP_01263	116
LPCHMCBP_01264	285
LPCHMCBP_01265	242
LPCHMCBP_01266	181
LPCHMCBP_01267	532
LPCHMCBP_01268	68
LPCHMCBP_01269	176
LPCHMCBP_01270	52
LPCHMCBP_01271	498
LPCHMCBP_01272	1730
LPCHMCBP_01273	5
LPCHMCBP_01274	8270
LPCHMCBP_01275	37301
LPCHMCBP_01276	368
LPCHMCBP_01277	7084
LPCHMCBP_01278	196636
LPCHMCBP_01279	4513
LPCHMCBP_01280	2351
LPCHMCBP_01281	27689
LPCHMCBP_01282	7
LPCHMCBP_01283	19
LPCHMCBP_01284	42
LPCHMCBP_01285	71
LPCHMCBP_01286	389
LPCHMCBP_01287	378
LPCHMCBP_01288	36
LPCHMCBP_01289	616
LPCHMCBP_01290	2635
LPCHMCBP_01291	2019
LPCHMCBP_01292	2772
LPCHMCBP_01293	7939
LPCHMCBP_01294	1347
LPCHMCBP_01295	4335
LPCHMCBP_01296	5108
LPCHMCBP_01297	1582
LPCHMCBP_01298	3448
LPCHMCBP_01299	5484
LPCHMCBP_01300	973
LPCHMCBP_01301	1274
LPCHMCBP_01302	948
LPCHMCBP_01303	1399
LPCHMCBP_01304	7759
LPCHMCBP_01305	590
LPCHMCBP_01306	2733
LPCHMCBP_01307	2658
LPCHMCBP_01308	3102
LPCHMCBP_01309	1178
LPCHMCBP_01310	1973
LPCHMCBP_01311	981
LPCHMCBP_01312	3233
LPCHMCBP_01313	2149
LPCHMCBP_01314	2253
LPCHMCBP_01315	3833
LPCHMCBP_01316	1672
LPCHMCBP_01317	198
LPCHMCBP_01318	2662
LPCHMCBP_01320	219
LPCHMCBP_01321	4480
LPCHMCBP_01322	361
LPCHMCBP_01323	62483
LPCHMCBP_01324	21569
LPCHMCBP_01325	58547
LPCHMCBP_01326	7289
LPCHMCBP_01327	4902
LPCHMCBP_01328	11325
LPCHMCBP_01329	5125
LPCHMCBP_01330	5585
LPCHMCBP_01331	449
LPCHMCBP_01332	713
LPCHMCBP_01333	5707
LPCHMCBP_01334	9764
LPCHMCBP_01335	3655
LPCHMCBP_01336	1694
LPCHMCBP_01337	2612
LPCHMCBP_01338	398
LPCHMCBP_01339	1841
LPCHMCBP_01340	2240
LPCHMCBP_01341	1551
LPCHMCBP_01342	8082
LPCHMCBP_01343	76
LPCHMCBP_01344	508
LPCHMCBP_01345	126
LPCHMCBP_01346	3143
LPCHMCBP_01347	6209
LPCHMCBP_01348	1039
LPCHMCBP_01349	11321
LPCHMCBP_01350	4644
LPCHMCBP_01351	3946
LPCHMCBP_01352	3129
LPCHMCBP_01353	7688
LPCHMCBP_01354	25001
LPCHMCBP_01355	18813
LPCHMCBP_01356	4099
LPCHMCBP_01357	8502
LPCHMCBP_01358	13462
LPCHMCBP_01359	16024
LPCHMCBP_01360	13271
LPCHMCBP_01361	5012
LPCHMCBP_01362	1849
LPCHMCBP_01363	292
LPCHMCBP_01364	1810
LPCHMCBP_01365	2411
LPCHMCBP_01366	3210
LPCHMCBP_01367	1940
LPCHMCBP_01368	67
LPCHMCBP_01369	97
LPCHMCBP_01370	150
LPCHMCBP_01371	2
LPCHMCBP_01372	1
LPCHMCBP_01373	4
LPCHMCBP_01374	241
LPCHMCBP_01375	327
LPCHMCBP_01377	578
LPCHMCBP_01378	137
LPCHMCBP_01379	663
LPCHMCBP_01380	1018
LPCHMCBP_01381	332
LPCHMCBP_01382	451
LPCHMCBP_01383	1248
LPCHMCBP_01384	118
LPCHMCBP_01385	16
LPCHMCBP_01386	36
LPCHMCBP_01387	11
LPCHMCBP_01388	203
LPCHMCBP_01389	121
LPCHMCBP_01390	33
LPCHMCBP_01391	0
LPCHMCBP_01392	85
LPCHMCBP_01393	11
LPCHMCBP_01394	3
LPCHMCBP_01395	6
LPCHMCBP_01396	23
LPCHMCBP_01397	9
LPCHMCBP_01398	16
LPCHMCBP_01399	18
LPCHMCBP_01400	0
LPCHMCBP_01401	0
LPCHMCBP_01402	0
LPCHMCBP_01403	0
LPCHMCBP_01404	0
LPCHMCBP_01405	0
LPCHMCBP_01406	23
LPCHMCBP_01407	3
LPCHMCBP_01408	14
LPCHMCBP_01409	13
LPCHMCBP_01410	14
LPCHMCBP_01411	106
LPCHMCBP_01412	29
LPCHMCBP_01413	5
LPCHMCBP_01414	41
LPCHMCBP_01415	18
LPCHMCBP_01416	2
LPCHMCBP_01417	1
LPCHMCBP_01418	0
LPCHMCBP_01419	9
LPCHMCBP_01420	21
LPCHMCBP_01421	2
LPCHMCBP_01422	95
LPCHMCBP_01423	0
LPCHMCBP_01424	8
LPCHMCBP_01425	87
LPCHMCBP_01426	146
LPCHMCBP_01427	79
LPCHMCBP_01428	0
LPCHMCBP_01429	0
LPCHMCBP_01430	0
LPCHMCBP_01431	0
LPCHMCBP_01432	0
LPCHMCBP_01434	0
LPCHMCBP_01435	0
LPCHMCBP_01436	0
LPCHMCBP_01437	0
LPCHMCBP_01438	0
LPCHMCBP_01439	0
LPCHMCBP_01440	32
LPCHMCBP_01441	86
LPCHMCBP_01442	0
LPCHMCBP_01443	27
LPCHMCBP_01444	227
LPCHMCBP_01445	415
LPCHMCBP_01446	392
LPCHMCBP_01447	5499
LPCHMCBP_01448	4664
LPCHMCBP_01449	267
LPCHMCBP_01450	42
LPCHMCBP_01451	27
LPCHMCBP_01452	47
LPCHMCBP_01453	25
LPCHMCBP_01454	16
LPCHMCBP_01455	151
LPCHMCBP_01456	150
LPCHMCBP_01457	849
LPCHMCBP_01458	157
LPCHMCBP_01459	40
LPCHMCBP_01460	1
LPCHMCBP_01461	31
LPCHMCBP_01462	201
LPCHMCBP_01463	910
LPCHMCBP_01464	1258
LPCHMCBP_01465	51
LPCHMCBP_01466	866
LPCHMCBP_01467	783
LPCHMCBP_01468	1517
LPCHMCBP_01469	4030
LPCHMCBP_01470	118
LPCHMCBP_01471	483
LPCHMCBP_01472	1024
LPCHMCBP_01473	34
LPCHMCBP_01474	1284
LPCHMCBP_01475	2594
LPCHMCBP_01476	548
LPCHMCBP_01477	4299
LPCHMCBP_01478	56
LPCHMCBP_01479	225
LPCHMCBP_01480	211
LPCHMCBP_01481	95
LPCHMCBP_01482	57
LPCHMCBP_01483	28
LPCHMCBP_01484	12
LPCHMCBP_01485	4
LPCHMCBP_01486	37
LPCHMCBP_01487	1653
LPCHMCBP_01488	3294
LPCHMCBP_01489	523
LPCHMCBP_01490	410
LPCHMCBP_01491	1869
LPCHMCBP_01492	2325
LPCHMCBP_01493	486
LPCHMCBP_01494	92
LPCHMCBP_01495	1559
LPCHMCBP_01496	37
LPCHMCBP_01497	78
LPCHMCBP_01498	2380
LPCHMCBP_01499	5813
LPCHMCBP_01500	1500
LPCHMCBP_01501	2597
LPCHMCBP_01502	376
LPCHMCBP_01503	5035
LPCHMCBP_01504	1643
LPCHMCBP_01505	3006
LPCHMCBP_01506	387
LPCHMCBP_01508	517
LPCHMCBP_01509	156
LPCHMCBP_01510	224
LPCHMCBP_01511	6210
LPCHMCBP_01512	280
LPCHMCBP_01513	269
LPCHMCBP_01514	237
LPCHMCBP_01515	870
LPCHMCBP_01516	1514
LPCHMCBP_01517	6411
LPCHMCBP_01518	3441
LPCHMCBP_01519	423
LPCHMCBP_01520	200
LPCHMCBP_01521	807
LPCHMCBP_01522	74
LPCHMCBP_01523	98
LPCHMCBP_01524	156
LPCHMCBP_01525	372
LPCHMCBP_01526	342
LPCHMCBP_01527	481
LPCHMCBP_01528	2182
LPCHMCBP_01529	297
LPCHMCBP_01530	18846
LPCHMCBP_01531	540
LPCHMCBP_01532	2003
LPCHMCBP_01533	1271
LPCHMCBP_01534	1040
LPCHMCBP_01535	2519
LPCHMCBP_01536	319
LPCHMCBP_01537	472
LPCHMCBP_01538	147
LPCHMCBP_01539	11261
LPCHMCBP_01540	1855
LPCHMCBP_01541	2252
LPCHMCBP_01542	16
LPCHMCBP_01543	114
LPCHMCBP_01544	4
LPCHMCBP_01545	5
LPCHMCBP_01546	10
LPCHMCBP_01547	11
LPCHMCBP_01548	34
LPCHMCBP_01549	62
LPCHMCBP_01550	2840
LPCHMCBP_01551	4
LPCHMCBP_01552	2884
LPCHMCBP_01553	632
LPCHMCBP_01554	91
LPCHMCBP_01555	8915
LPCHMCBP_01556	5498
LPCHMCBP_01557	2567
LPCHMCBP_01558	21
LPCHMCBP_01559	24
LPCHMCBP_01560	11437
LPCHMCBP_01561	91
LPCHMCBP_01562	1070
LPCHMCBP_01563	1030
LPCHMCBP_01564	1513
LPCHMCBP_01565	4379
LPCHMCBP_01566	5507
LPCHMCBP_01567	158
LPCHMCBP_01568	110
LPCHMCBP_01569	1799
LPCHMCBP_01570	1097
LPCHMCBP_01571	260
LPCHMCBP_01572	986
LPCHMCBP_01573	59
LPCHMCBP_01574	967
LPCHMCBP_01575	2571
LPCHMCBP_01576	2689
LPCHMCBP_01577	970
LPCHMCBP_01578	434
LPCHMCBP_01579	543
LPCHMCBP_01580	6099
LPCHMCBP_01581	1050
LPCHMCBP_01582	885
LPCHMCBP_01583	1971
LPCHMCBP_01584	0
LPCHMCBP_01586	0
LPCHMCBP_01587	0
LPCHMCBP_01588	136
LPCHMCBP_01589	78
LPCHMCBP_01592	147
LPCHMCBP_01593	1772
LPCHMCBP_01594	320
LPCHMCBP_01595	925
LPCHMCBP_01596	1790
LPCHMCBP_01597	781
LPCHMCBP_01598	845
LPCHMCBP_01599	809
LPCHMCBP_01600	30723
LPCHMCBP_01601	2469
LPCHMCBP_01602	690
LPCHMCBP_01603	2628
LPCHMCBP_01604	140
LPCHMCBP_01605	17812
LPCHMCBP_01606	2336
LPCHMCBP_01607	920
LPCHMCBP_01608	312
LPCHMCBP_01609	34231
LPCHMCBP_01610	11914
LPCHMCBP_01611	2425
LPCHMCBP_01612	1879
LPCHMCBP_01613	2774
LPCHMCBP_01614	500
LPCHMCBP_01615	558
LPCHMCBP_01616	4091
LPCHMCBP_01617	1365
LPCHMCBP_01618	894
LPCHMCBP_01619	1138
LPCHMCBP_01620	1505
LPCHMCBP_01621	9
LPCHMCBP_01622	65
LPCHMCBP_01623	337
LPCHMCBP_01624	56
LPCHMCBP_01625	18
LPCHMCBP_01626	18
LPCHMCBP_01627	22
LPCHMCBP_01628	80
LPCHMCBP_01629	104
LPCHMCBP_01630	128
LPCHMCBP_01631	2822
LPCHMCBP_01632	3145
LPCHMCBP_01633	92
LPCHMCBP_01634	85
LPCHMCBP_01635	116
LPCHMCBP_01636	23
LPCHMCBP_01637	165
LPCHMCBP_01638	369
LPCHMCBP_01639	237
LPCHMCBP_01640	499
LPCHMCBP_01642	3019
LPCHMCBP_01643	2424
LPCHMCBP_01644	4001
LPCHMCBP_01645	5953
LPCHMCBP_01646	1496
LPCHMCBP_01647	855
LPCHMCBP_01648	4
LPCHMCBP_01649	11
LPCHMCBP_01650	2
LPCHMCBP_01651	18
LPCHMCBP_01652	4
LPCHMCBP_01653	10
LPCHMCBP_01654	49
LPCHMCBP_01655	155
LPCHMCBP_01656	65
LPCHMCBP_01657	46
LPCHMCBP_01658	4
LPCHMCBP_01659	22
LPCHMCBP_01660	2
LPCHMCBP_01661	49
LPCHMCBP_01662	278
LPCHMCBP_01663	119
LPCHMCBP_01664	7
LPCHMCBP_01665	2729
LPCHMCBP_01666	163
LPCHMCBP_01667	291
LPCHMCBP_01668	36
LPCHMCBP_01669	50
LPCHMCBP_01670	189
LPCHMCBP_01671	141
LPCHMCBP_01672	4
LPCHMCBP_01673	13
LPCHMCBP_01674	8
LPCHMCBP_01675	239
LPCHMCBP_01676	419
LPCHMCBP_01677	333
LPCHMCBP_01678	390
LPCHMCBP_01679	329
LPCHMCBP_01680	750
LPCHMCBP_01681	122
LPCHMCBP_01682	600
LPCHMCBP_01683	1334
LPCHMCBP_01684	676
LPCHMCBP_01685	11768
LPCHMCBP_01686	1960
LPCHMCBP_01687	2037
LPCHMCBP_01688	1902
LPCHMCBP_01689	2972
LPCHMCBP_01690	1952
LPCHMCBP_01691	1191
LPCHMCBP_01692	1548
LPCHMCBP_01693	7189
LPCHMCBP_01694	808
LPCHMCBP_01695	1779
LPCHMCBP_01696	4075
LPCHMCBP_01697	1204
LPCHMCBP_01698	9632
LPCHMCBP_01699	9889
LPCHMCBP_01700	5191
LPCHMCBP_01701	5180
LPCHMCBP_01702	193
LPCHMCBP_01703	131
LPCHMCBP_01704	168
LPCHMCBP_01705	1803
LPCHMCBP_01706	289
LPCHMCBP_01707	1847
LPCHMCBP_01708	1546
LPCHMCBP_01709	373
LPCHMCBP_01710	517
LPCHMCBP_01711	17786
LPCHMCBP_01712	93
LPCHMCBP_01713	256
LPCHMCBP_01714	398
LPCHMCBP_01716	677
LPCHMCBP_01717	7148
LPCHMCBP_01718	168877
LPCHMCBP_01719	61244
LPCHMCBP_01720	58887
LPCHMCBP_01721	105849
LPCHMCBP_01722	0
LPCHMCBP_01723	0
LPCHMCBP_01724	5
LPCHMCBP_01725	1222
LPCHMCBP_01726	2703
LPCHMCBP_01727	7791
LPCHMCBP_01728	947
LPCHMCBP_01729	789
LPCHMCBP_01730	1835
LPCHMCBP_01731	701
LPCHMCBP_01732	6299
LPCHMCBP_01733	1144
LPCHMCBP_01734	5790
LPCHMCBP_01735	1756
LPCHMCBP_01736	4650
LPCHMCBP_01737	3295
LPCHMCBP_01738	17974
LPCHMCBP_01739	11706
LPCHMCBP_01740	16268
LPCHMCBP_01741	6060
LPCHMCBP_01742	1251
LPCHMCBP_01743	15239
LPCHMCBP_01744	665
LPCHMCBP_01745	416
LPCHMCBP_01746	319
LPCHMCBP_01747	129
LPCHMCBP_01748	583
LPCHMCBP_01751	1090
LPCHMCBP_01752	730
LPCHMCBP_01753	501
LPCHMCBP_01754	138
LPCHMCBP_01755	400
LPCHMCBP_01756	77
LPCHMCBP_01757	109
LPCHMCBP_01758	7051
LPCHMCBP_01759	13466
LPCHMCBP_01760	2840
LPCHMCBP_01761	3104
LPCHMCBP_01762	3183
LPCHMCBP_01763	1205
LPCHMCBP_01764	1013
LPCHMCBP_01765	1250
LPCHMCBP_01766	777
LPCHMCBP_01767	2072
LPCHMCBP_01768	1839
LPCHMCBP_01769	2809
LPCHMCBP_01770	236
LPCHMCBP_01771	108
LPCHMCBP_01772	7978
LPCHMCBP_01773	1519
LPCHMCBP_01774	163
LPCHMCBP_01775	3
LPCHMCBP_01776	1722
LPCHMCBP_01777	1239
LPCHMCBP_01778	3998
LPCHMCBP_01779	4801
LPCHMCBP_01780	718
LPCHMCBP_01781	4890
LPCHMCBP_01782	4051
LPCHMCBP_01783	13350
LPCHMCBP_01784	8494
LPCHMCBP_01785	3340
LPCHMCBP_01786	1
LPCHMCBP_01787	503
LPCHMCBP_01788	4192
LPCHMCBP_01789	1565
LPCHMCBP_01790	895
LPCHMCBP_01791	919
LPCHMCBP_01792	18
LPCHMCBP_01793	104
LPCHMCBP_01794	112
LPCHMCBP_01795	188
LPCHMCBP_01796	305
LPCHMCBP_01797	4013
LPCHMCBP_01798	11493
LPCHMCBP_01799	462
LPCHMCBP_01800	635
LPCHMCBP_01801	549
LPCHMCBP_01802	48628
LPCHMCBP_01803	32267
LPCHMCBP_01804	180
LPCHMCBP_01805	2146
LPCHMCBP_01806	7247
LPCHMCBP_01807	1277
LPCHMCBP_01808	765
LPCHMCBP_01809	5482
LPCHMCBP_01810	864
LPCHMCBP_01811	2784
LPCHMCBP_01812	11725
LPCHMCBP_01813	1220
LPCHMCBP_01814	2898
LPCHMCBP_01815	1954
LPCHMCBP_01816	1291
LPCHMCBP_01817	1114
LPCHMCBP_01818	2029
LPCHMCBP_01819	1026
LPCHMCBP_01820	873
LPCHMCBP_01821	2514
LPCHMCBP_01822	1413
LPCHMCBP_01823	1295
LPCHMCBP_01824	613
LPCHMCBP_01825	1093
LPCHMCBP_01826	681
LPCHMCBP_01827	1023
LPCHMCBP_01828	546
LPCHMCBP_01829	502
LPCHMCBP_01830	811
LPCHMCBP_01831	19
LPCHMCBP_01832	673
LPCHMCBP_01833	1258
LPCHMCBP_01834	11
LPCHMCBP_01835	11
LPCHMCBP_01836	14
LPCHMCBP_01837	8
LPCHMCBP_01838	21
LPCHMCBP_01839	5922
LPCHMCBP_01840	319
LPCHMCBP_01841	664
LPCHMCBP_01842	2561
LPCHMCBP_01843	4597
LPCHMCBP_01844	533
LPCHMCBP_01845	1163
LPCHMCBP_01846	7015
LPCHMCBP_01847	41
LPCHMCBP_01848	1562
LPCHMCBP_01849	45
LPCHMCBP_01850	98
LPCHMCBP_01851	15503
LPCHMCBP_01852	3067
LPCHMCBP_01853	1311
LPCHMCBP_01854	5860
LPCHMCBP_01855	8754
LPCHMCBP_01856	405
LPCHMCBP_01857	294
LPCHMCBP_01858	82
LPCHMCBP_01859	977
LPCHMCBP_01860	9097
LPCHMCBP_01861	3
LPCHMCBP_01862	29
LPCHMCBP_01863	329
LPCHMCBP_01864	96
LPCHMCBP_01865	1520
LPCHMCBP_01866	2002
LPCHMCBP_01867	43
LPCHMCBP_01868	90
LPCHMCBP_01869	14
LPCHMCBP_01870	7
LPCHMCBP_01871	36
LPCHMCBP_01872	34
LPCHMCBP_01873	19
LPCHMCBP_01874	1883
LPCHMCBP_01875	220
LPCHMCBP_01876	1
LPCHMCBP_01877	1
LPCHMCBP_01878	1
LPCHMCBP_01879	0
LPCHMCBP_01880	5
LPCHMCBP_01881	267
LPCHMCBP_01882	93
LPCHMCBP_01883	27
LPCHMCBP_01884	2879
LPCHMCBP_01885	11
LPCHMCBP_01886	20
LPCHMCBP_01887	62
LPCHMCBP_01888	225
LPCHMCBP_01889	579
LPCHMCBP_01890	250
LPCHMCBP_01891	0
LPCHMCBP_01892	78
LPCHMCBP_01893	806
LPCHMCBP_01894	2456
LPCHMCBP_01895	836
LPCHMCBP_01896	1269
LPCHMCBP_01897	708
LPCHMCBP_01898	4633
LPCHMCBP_01899	371
LPCHMCBP_01900	378
LPCHMCBP_01901	520
LPCHMCBP_01902	22568
LPCHMCBP_01903	3582
LPCHMCBP_01904	373
LPCHMCBP_01905	1251
LPCHMCBP_01906	2521
LPCHMCBP_01907	18331
LPCHMCBP_01908	239
LPCHMCBP_01909	19
LPCHMCBP_01910	1
LPCHMCBP_01911	0
LPCHMCBP_01912	0
LPCHMCBP_01913	39
LPCHMCBP_01914	0
LPCHMCBP_01915	36
LPCHMCBP_01916	10
LPCHMCBP_01917	0
LPCHMCBP_01918	2
LPCHMCBP_01919	0
LPCHMCBP_01920	0
LPCHMCBP_01921	9
LPCHMCBP_01922	953
LPCHMCBP_01923	327
LPCHMCBP_01924	14
LPCHMCBP_01925	50
LPCHMCBP_01926	0
LPCHMCBP_01927	43
LPCHMCBP_01928	6
LPCHMCBP_01929	11
LPCHMCBP_01930	55
LPCHMCBP_01931	133
LPCHMCBP_01932	54
LPCHMCBP_01933	50
LPCHMCBP_01934	730
LPCHMCBP_01935	421
LPCHMCBP_01936	956
LPCHMCBP_01937	2488
LPCHMCBP_01938	137
LPCHMCBP_01939	25
LPCHMCBP_01940	10
LPCHMCBP_01941	25
LPCHMCBP_01942	28
LPCHMCBP_01943	2
LPCHMCBP_01944	10
LPCHMCBP_01945	13
LPCHMCBP_01946	7
LPCHMCBP_01947	9
LPCHMCBP_01948	42
LPCHMCBP_01949	38
LPCHMCBP_01950	1
LPCHMCBP_01951	0
LPCHMCBP_01952	591
LPCHMCBP_01953	5
LPCHMCBP_01954	1
LPCHMCBP_01955	69
LPCHMCBP_01956	62
LPCHMCBP_01957	669
LPCHMCBP_01958	74
LPCHMCBP_01959	67
LPCHMCBP_01960	10
LPCHMCBP_01961	26
LPCHMCBP_01962	20
LPCHMCBP_01963	51
LPCHMCBP_01964	69
LPCHMCBP_01965	1
LPCHMCBP_01966	809
LPCHMCBP_01967	64
LPCHMCBP_01968	196
LPCHMCBP_01969	114
LPCHMCBP_01970	252
LPCHMCBP_01971	266
LPCHMCBP_01972	0
LPCHMCBP_01973	22
LPCHMCBP_01974	9
LPCHMCBP_01975	11
LPCHMCBP_01976	2387
LPCHMCBP_01977	396
LPCHMCBP_01978	1982
LPCHMCBP_01979	938
LPCHMCBP_01980	139
LPCHMCBP_01981	15
LPCHMCBP_01982	4
LPCHMCBP_01984	2
LPCHMCBP_01986	1456
LPCHMCBP_01987	340
LPCHMCBP_01988	5
LPCHMCBP_01989	1045
LPCHMCBP_01990	760
LPCHMCBP_01991	500
LPCHMCBP_01992	82
LPCHMCBP_01993	122
LPCHMCBP_01994	8832
LPCHMCBP_01995	1402
LPCHMCBP_01996	635
LPCHMCBP_01997	580
LPCHMCBP_01998	1011
LPCHMCBP_01999	4137
LPCHMCBP_02000	20976
LPCHMCBP_02001	11
LPCHMCBP_02002	34
LPCHMCBP_02003	0
LPCHMCBP_02004	10
LPCHMCBP_02005	294
LPCHMCBP_02006	834
LPCHMCBP_02007	16
LPCHMCBP_02008	977
LPCHMCBP_02009	2159
LPCHMCBP_02010	757
LPCHMCBP_02011	7
LPCHMCBP_02012	115
LPCHMCBP_02013	152
LPCHMCBP_02014	1
LPCHMCBP_02015	38
LPCHMCBP_02016	4899
LPCHMCBP_02018	521
LPCHMCBP_02019	1801
LPCHMCBP_02020	981
LPCHMCBP_02021	211
LPCHMCBP_02022	1034
LPCHMCBP_02023	282
LPCHMCBP_02024	329
LPCHMCBP_02025	231
LPCHMCBP_02026	26
LPCHMCBP_02027	516
LPCHMCBP_02028	1120
LPCHMCBP_02029	340
LPCHMCBP_02030	441
LPCHMCBP_02031	386
LPCHMCBP_02032	73
LPCHMCBP_02033	22
LPCHMCBP_02034	29
LPCHMCBP_02035	292
LPCHMCBP_02036	85
LPCHMCBP_02037	88
LPCHMCBP_02038	0
LPCHMCBP_02039	0
LPCHMCBP_02040	386
LPCHMCBP_02041	0
LPCHMCBP_02042	857
LPCHMCBP_02043	431
LPCHMCBP_02044	768
LPCHMCBP_02045	67
LPCHMCBP_02046	41
LPCHMCBP_02047	85
LPCHMCBP_02048	93
LPCHMCBP_02049	268
LPCHMCBP_02050	234
LPCHMCBP_02051	231
LPCHMCBP_02052	605
LPCHMCBP_02053	7
LPCHMCBP_02054	101
LPCHMCBP_02055	16
LPCHMCBP_02056	74
LPCHMCBP_02057	118
LPCHMCBP_02058	157
LPCHMCBP_02059	338
LPCHMCBP_02060	83
LPCHMCBP_02061	507
LPCHMCBP_02062	0
LPCHMCBP_02063	0
LPCHMCBP_02064	0
LPCHMCBP_02065	13
LPCHMCBP_02066	9
LPCHMCBP_02067	12
LPCHMCBP_02068	16
LPCHMCBP_02069	207
LPCHMCBP_02070	21
LPCHMCBP_02071	1
LPCHMCBP_02072	58
LPCHMCBP_02073	6
LPCHMCBP_02074	68
LPCHMCBP_02075	2
LPCHMCBP_02076	15667
LPCHMCBP_02077	298
LPCHMCBP_02078	2048
LPCHMCBP_02079	1959
LPCHMCBP_02080	521
LPCHMCBP_02081	300
LPCHMCBP_02082	109
LPCHMCBP_02083	189
LPCHMCBP_02084	610
LPCHMCBP_02085	544
LPCHMCBP_02086	1079
LPCHMCBP_02087	6285
LPCHMCBP_02088	1620
LPCHMCBP_02089	150
LPCHMCBP_02090	618
LPCHMCBP_02091	1305
LPCHMCBP_02092	4738
LPCHMCBP_02093	6184
LPCHMCBP_02094	1791
LPCHMCBP_02095	1320
LPCHMCBP_02096	813
LPCHMCBP_02097	1737
LPCHMCBP_02098	4429
LPCHMCBP_02099	616
LPCHMCBP_02100	6672
LPCHMCBP_02101	3355
LPCHMCBP_02102	990
LPCHMCBP_02103	13098
LPCHMCBP_02104	36
LPCHMCBP_02105	0
LPCHMCBP_02106	54
LPCHMCBP_02107	1540
LPCHMCBP_02108	52435
LPCHMCBP_02109	53249
LPCHMCBP_02110	6233
LPCHMCBP_02111	3719
LPCHMCBP_02112	3074
LPCHMCBP_02113	1074
LPCHMCBP_02114	4660
LPCHMCBP_02115	11921
LPCHMCBP_02116	10690
LPCHMCBP_02117	5869
LPCHMCBP_02118	14140
LPCHMCBP_02119	2573
LPCHMCBP_02120	3968
LPCHMCBP_02121	21120
LPCHMCBP_02122	6601
LPCHMCBP_02123	177
LPCHMCBP_02124	678
LPCHMCBP_02125	330
LPCHMCBP_02126	776
LPCHMCBP_02127	1509
LPCHMCBP_02128	1019
LPCHMCBP_02129	552
LPCHMCBP_02130	77
LPCHMCBP_02131	107
LPCHMCBP_02132	68
LPCHMCBP_02133	245
LPCHMCBP_02134	549
LPCHMCBP_02135	161
LPCHMCBP_02136	108
LPCHMCBP_02137	715
LPCHMCBP_02138	6685
LPCHMCBP_02139	6427
LPCHMCBP_02140	35158
LPCHMCBP_02141	6030
LPCHMCBP_02142	11
LPCHMCBP_02143	17944
LPCHMCBP_02144	28958
LPCHMCBP_02145	2290
LPCHMCBP_02146	3802
LPCHMCBP_02147	7906
LPCHMCBP_02148	7958
LPCHMCBP_02149	2478
LPCHMCBP_02150	4338
LPCHMCBP_02151	2299
LPCHMCBP_02152	35
LPCHMCBP_02153	47
LPCHMCBP_02154	138
LPCHMCBP_02155	3
LPCHMCBP_02156	103
LPCHMCBP_02157	30
LPCHMCBP_02158	24
LPCHMCBP_02159	26
LPCHMCBP_02160	1253
LPCHMCBP_02161	6243
LPCHMCBP_02162	2545
LPCHMCBP_02163	6915
LPCHMCBP_02164	8256
LPCHMCBP_02165	19097
LPCHMCBP_02166	740
LPCHMCBP_02167	2344
LPCHMCBP_02168	949
LPCHMCBP_02169	901
LPCHMCBP_02170	41842
LPCHMCBP_02171	10109
LPCHMCBP_02172	10621
LPCHMCBP_02173	4217
LPCHMCBP_02174	636
LPCHMCBP_02175	42
LPCHMCBP_02176	18
LPCHMCBP_02177	10055
LPCHMCBP_02178	16608
LPCHMCBP_02179	16518
LPCHMCBP_02180	1661
LPCHMCBP_02181	5266
LPCHMCBP_02182	4552
LPCHMCBP_02183	2288
LPCHMCBP_02184	4613
LPCHMCBP_02185	7791
LPCHMCBP_02186	13526
LPCHMCBP_02187	4843
LPCHMCBP_02188	122
LPCHMCBP_02189	1400
LPCHMCBP_02190	240
LPCHMCBP_02191	151
LPCHMCBP_02192	62
LPCHMCBP_02193	81
LPCHMCBP_02194	1831
LPCHMCBP_02195	1983
LPCHMCBP_02196	2910
LPCHMCBP_02197	2744
LPCHMCBP_02198	3400
LPCHMCBP_02199	787
LPCHMCBP_02200	2215
LPCHMCBP_02201	415
LPCHMCBP_02202	37
LPCHMCBP_02203	57
LPCHMCBP_02204	110
LPCHMCBP_02205	74
LPCHMCBP_02206	30
LPCHMCBP_02207	40
LPCHMCBP_02208	80
LPCHMCBP_02209	25
LPCHMCBP_02210	808
LPCHMCBP_02211	522
LPCHMCBP_02212	1195
LPCHMCBP_02213	922
LPCHMCBP_02214	1351
LPCHMCBP_02215	30765
LPCHMCBP_02216	701
LPCHMCBP_02217	0
LPCHMCBP_02218	1089
LPCHMCBP_02219	837
LPCHMCBP_02220	3372
LPCHMCBP_02221	1690
LPCHMCBP_02222	1517
LPCHMCBP_02223	13326
LPCHMCBP_02224	2153
LPCHMCBP_02225	5981
LPCHMCBP_02226	4991
LPCHMCBP_02227	1723
LPCHMCBP_02228	453
LPCHMCBP_02229	2111
LPCHMCBP_02230	973
LPCHMCBP_02231	3686
LPCHMCBP_02232	270
LPCHMCBP_02233	3363
LPCHMCBP_02234	2353
LPCHMCBP_02235	0
LPCHMCBP_02236	431
LPCHMCBP_02237	13
LPCHMCBP_02238	302
LPCHMCBP_02239	850
LPCHMCBP_02240	2045
LPCHMCBP_02241	468
LPCHMCBP_02242	1022
LPCHMCBP_02243	3223
LPCHMCBP_02244	641
LPCHMCBP_02245	867
LPCHMCBP_02246	1449
LPCHMCBP_02247	6974
LPCHMCBP_02248	92
LPCHMCBP_02249	1
LPCHMCBP_02250	8
LPCHMCBP_02251	492
LPCHMCBP_02252	191
LPCHMCBP_02253	377
LPCHMCBP_02254	21
LPCHMCBP_02255	41
LPCHMCBP_02256	5
LPCHMCBP_02257	9
LPCHMCBP_02258	27
LPCHMCBP_02259	0
LPCHMCBP_02260	18
LPCHMCBP_02261	52
LPCHMCBP_02262	1521
LPCHMCBP_02263	388
LPCHMCBP_02264	47
LPCHMCBP_02265	62
LPCHMCBP_02266	308
LPCHMCBP_02267	10
LPCHMCBP_02268	249
LPCHMCBP_02269	71
LPCHMCBP_02270	85
LPCHMCBP_02271	259
LPCHMCBP_02272	349
LPCHMCBP_02273	4
LPCHMCBP_02274	1
LPCHMCBP_02275	0
LPCHMCBP_02276	4
LPCHMCBP_02277	0
LPCHMCBP_02278	3
LPCHMCBP_02279	4
LPCHMCBP_02280	2
LPCHMCBP_02281	1
LPCHMCBP_02282	3
LPCHMCBP_02283	14
LPCHMCBP_02284	21
LPCHMCBP_02285	310
LPCHMCBP_02286	18342
LPCHMCBP_02287	24
LPCHMCBP_02288	166
LPCHMCBP_02289	274
LPCHMCBP_02290	194
LPCHMCBP_02291	171
LPCHMCBP_02293	84
LPCHMCBP_02294	79
LPCHMCBP_02295	43
LPCHMCBP_02296	35
LPCHMCBP_02297	6
LPCHMCBP_02298	57
LPCHMCBP_02299	98
LPCHMCBP_02300	483
LPCHMCBP_02301	1458
LPCHMCBP_02302	262
LPCHMCBP_02303	166
LPCHMCBP_02304	61
LPCHMCBP_02305	132
LPCHMCBP_02306	34
LPCHMCBP_02307	1471
LPCHMCBP_02308	401
LPCHMCBP_02309	1318
LPCHMCBP_02310	168
LPCHMCBP_02311	0
LPCHMCBP_02312	75
LPCHMCBP_02313	118
LPCHMCBP_02314	65
LPCHMCBP_02315	44
LPCHMCBP_02316	4727
LPCHMCBP_02317	321
LPCHMCBP_02318	479
LPCHMCBP_02319	3496
LPCHMCBP_02320	306
LPCHMCBP_02321	869
LPCHMCBP_02322	193
LPCHMCBP_02323	4042
LPCHMCBP_02324	52689
LPCHMCBP_02325	516
LPCHMCBP_02326	212
LPCHMCBP_02327	588
LPCHMCBP_02328	286
LPCHMCBP_02329	17884
LPCHMCBP_02330	5739
LPCHMCBP_02331	190
LPCHMCBP_02332	276
LPCHMCBP_02333	106
LPCHMCBP_02334	354
LPCHMCBP_02335	156
LPCHMCBP_02336	139
LPCHMCBP_02337	819
LPCHMCBP_02338	1019
LPCHMCBP_02339	94
LPCHMCBP_02340	59
LPCHMCBP_02341	196
LPCHMCBP_02342	18
LPCHMCBP_02343	62
LPCHMCBP_02344	74
LPCHMCBP_02345	32
LPCHMCBP_02346	36
LPCHMCBP_02347	7140
LPCHMCBP_02348	2661
LPCHMCBP_02349	5607
LPCHMCBP_02350	1955
LPCHMCBP_02351	657
LPCHMCBP_02352	274
LPCHMCBP_02353	309
LPCHMCBP_02354	886
LPCHMCBP_02355	792
LPCHMCBP_02356	866
LPCHMCBP_02357	3544
LPCHMCBP_02358	5523
LPCHMCBP_02359	2124
LPCHMCBP_02360	1978
LPCHMCBP_02361	3255
LPCHMCBP_02362	617
LPCHMCBP_02363	810
LPCHMCBP_02364	1033
LPCHMCBP_02365	3327
LPCHMCBP_02366	410
LPCHMCBP_02367	6802
LPCHMCBP_02368	3927
LPCHMCBP_02369	1484
LPCHMCBP_02370	4841
LPCHMCBP_02371	2018
LPCHMCBP_02372	712
LPCHMCBP_02373	1192
LPCHMCBP_02374	1824
LPCHMCBP_02375	1385
LPCHMCBP_02376	320
LPCHMCBP_02377	438
LPCHMCBP_02378	316
LPCHMCBP_02379	295
LPCHMCBP_02380	196
LPCHMCBP_02381	24
LPCHMCBP_02382	28
LPCHMCBP_02383	225
LPCHMCBP_02384	75
LPCHMCBP_02385	27
LPCHMCBP_02386	138
LPCHMCBP_02387	85
LPCHMCBP_02388	122
LPCHMCBP_02389	253
LPCHMCBP_02390	592
LPCHMCBP_02391	3131
LPCHMCBP_02392	4019
LPCHMCBP_02393	149
LPCHMCBP_02394	12
LPCHMCBP_02395	53
LPCHMCBP_02396	135
LPCHMCBP_02397	36
LPCHMCBP_02398	8
LPCHMCBP_02399	0
LPCHMCBP_02400	4232
LPCHMCBP_02401	48
LPCHMCBP_02402	307
LPCHMCBP_02403	683
LPCHMCBP_02404	5899
LPCHMCBP_02405	1625
LPCHMCBP_02406	3945
LPCHMCBP_02407	741
LPCHMCBP_02408	893
LPCHMCBP_02409	468
LPCHMCBP_02410	1063
LPCHMCBP_02411	564
LPCHMCBP_02412	2
LPCHMCBP_02413	6115
LPCHMCBP_02414	3777
LPCHMCBP_02415	2116
LPCHMCBP_02416	1258
LPCHMCBP_02417	896
LPCHMCBP_02418	906
LPCHMCBP_02419	505
LPCHMCBP_02420	209
LPCHMCBP_02421	374
LPCHMCBP_02422	3083
LPCHMCBP_02423	932
LPCHMCBP_02424	685
LPCHMCBP_02425	613
LPCHMCBP_02426	770
LPCHMCBP_02427	471
LPCHMCBP_02428	3946
LPCHMCBP_02429	1105
LPCHMCBP_02430	667
LPCHMCBP_02431	1276
LPCHMCBP_02432	1822
LPCHMCBP_02433	1652
LPCHMCBP_02434	1417
LPCHMCBP_02435	421
LPCHMCBP_02436	1610
LPCHMCBP_02437	1512
LPCHMCBP_02438	23018
LPCHMCBP_02439	200
LPCHMCBP_02440	11344
LPCHMCBP_02441	2110
LPCHMCBP_02442	40
LPCHMCBP_02443	71
LPCHMCBP_02444	35
LPCHMCBP_02445	70
LPCHMCBP_02446	13
LPCHMCBP_02447	945
LPCHMCBP_02448	7037
LPCHMCBP_02449	7731
LPCHMCBP_02450	6594
LPCHMCBP_02451	746
LPCHMCBP_02452	983
LPCHMCBP_02453	10440
LPCHMCBP_02454	0
LPCHMCBP_02455	107
LPCHMCBP_02456	1543
LPCHMCBP_02457	1492
LPCHMCBP_02458	278
LPCHMCBP_02459	123
LPCHMCBP_02460	739
LPCHMCBP_02461	5061
LPCHMCBP_02462	1620
LPCHMCBP_02463	3743
LPCHMCBP_02464	891
LPCHMCBP_02465	264
LPCHMCBP_02466	26060
LPCHMCBP_02467	1713
LPCHMCBP_02468	2403
LPCHMCBP_02469	356
LPCHMCBP_02470	6708
LPCHMCBP_02471	15891
LPCHMCBP_02472	985
LPCHMCBP_02473	1346
LPCHMCBP_02474	1941
LPCHMCBP_02475	3821
LPCHMCBP_02476	10940
LPCHMCBP_02477	4053
LPCHMCBP_02478	2692
LPCHMCBP_02479	22
LPCHMCBP_02480	858
LPCHMCBP_02481	2837
LPCHMCBP_02482	7827
LPCHMCBP_02483	13128
LPCHMCBP_02484	5258
LPCHMCBP_02485	1095
LPCHMCBP_02486	1835
LPCHMCBP_02487	352
LPCHMCBP_02488	3901
LPCHMCBP_02489	1306
LPCHMCBP_02490	1286
LPCHMCBP_02491	830
LPCHMCBP_02492	5341
LPCHMCBP_02493	4026
LPCHMCBP_02494	4301
LPCHMCBP_02495	13449
LPCHMCBP_02496	5897
LPCHMCBP_02497	3380
LPCHMCBP_02498	8466
LPCHMCBP_02499	4651
LPCHMCBP_02500	2281
LPCHMCBP_02501	2
LPCHMCBP_02502	2282
LPCHMCBP_02503	4346
LPCHMCBP_02504	569
LPCHMCBP_02505	461
LPCHMCBP_02506	348
LPCHMCBP_02507	477
LPCHMCBP_02508	789
LPCHMCBP_02510	608
LPCHMCBP_02511	117
LPCHMCBP_02512	428
LPCHMCBP_02513	1124
LPCHMCBP_02514	52
LPCHMCBP_02515	175
LPCHMCBP_02516	57
LPCHMCBP_02517	214
LPCHMCBP_02518	1581
LPCHMCBP_02520	166
LPCHMCBP_02521	2477
LPCHMCBP_02522	1130
LPCHMCBP_02523	1620
LPCHMCBP_02524	2204
LPCHMCBP_02525	1685
LPCHMCBP_02526	735
LPCHMCBP_02527	1698
LPCHMCBP_02528	4897
LPCHMCBP_02529	709
LPCHMCBP_02530	810
LPCHMCBP_02531	10478
LPCHMCBP_02532	1254
LPCHMCBP_02533	357
LPCHMCBP_02534	567
LPCHMCBP_02535	290
LPCHMCBP_02536	174
LPCHMCBP_02537	72
LPCHMCBP_02538	2803
LPCHMCBP_02539	771
LPCHMCBP_02540	1182
LPCHMCBP_02541	2144
LPCHMCBP_02542	1699
LPCHMCBP_02543	4170
LPCHMCBP_02544	20804
LPCHMCBP_02545	6036
LPCHMCBP_02546	1135
LPCHMCBP_02547	3141
LPCHMCBP_02548	24449
LPCHMCBP_02549	1213
LPCHMCBP_02550	489
LPCHMCBP_02551	9432
LPCHMCBP_02552	12093
LPCHMCBP_02553	4802
LPCHMCBP_02554	8052
LPCHMCBP_02555	445
LPCHMCBP_02556	2623
LPCHMCBP_02557	13
LPCHMCBP_02558	8
LPCHMCBP_02559	11
LPCHMCBP_02560	36
LPCHMCBP_02561	43
LPCHMCBP_02562	74
LPCHMCBP_02563	1055
LPCHMCBP_02564	215
LPCHMCBP_02565	157
LPCHMCBP_02566	53
LPCHMCBP_02567	112
LPCHMCBP_02568	80
LPCHMCBP_02569	153
LPCHMCBP_02570	39
LPCHMCBP_02571	6
LPCHMCBP_02572	51
LPCHMCBP_02573	276
LPCHMCBP_02574	3817
LPCHMCBP_02575	1667
LPCHMCBP_02576	126
LPCHMCBP_02577	6053
LPCHMCBP_02578	2992
LPCHMCBP_02579	44
LPCHMCBP_02580	18
LPCHMCBP_02581	21
LPCHMCBP_02582	20
LPCHMCBP_02583	28
LPCHMCBP_02584	1905
LPCHMCBP_02585	1942
LPCHMCBP_02586	3608
LPCHMCBP_02587	995
LPCHMCBP_02588	1418
LPCHMCBP_02589	367
LPCHMCBP_02590	268
LPCHMCBP_02591	1941
LPCHMCBP_02592	460
LPCHMCBP_02593	67
LPCHMCBP_02594	35
LPCHMCBP_02595	49
LPCHMCBP_02596	59
LPCHMCBP_02597	25
LPCHMCBP_02598	7449
LPCHMCBP_02599	3201
LPCHMCBP_02600	4247
LPCHMCBP_02601	95
LPCHMCBP_02603	442
LPCHMCBP_02604	403
LPCHMCBP_02605	12
LPCHMCBP_02606	413
LPCHMCBP_02607	65
LPCHMCBP_02608	369
LPCHMCBP_02609	691
LPCHMCBP_02610	2493
LPCHMCBP_02611	349
LPCHMCBP_02612	216
LPCHMCBP_02613	458
LPCHMCBP_02614	317
LPCHMCBP_02615	1680
LPCHMCBP_02616	84
LPCHMCBP_02617	945
LPCHMCBP_02618	1716
LPCHMCBP_02619	109
LPCHMCBP_02620	2298
LPCHMCBP_02621	3046
LPCHMCBP_02622	664
LPCHMCBP_02623	64
LPCHMCBP_02624	51
LPCHMCBP_02625	532
LPCHMCBP_02626	89
LPCHMCBP_02627	1441
LPCHMCBP_02628	7564
LPCHMCBP_02629	1674
LPCHMCBP_02630	6427
LPCHMCBP_02631	17069
LPCHMCBP_02632	11285
LPCHMCBP_02633	1140
LPCHMCBP_02634	2566
LPCHMCBP_02635	3499
LPCHMCBP_02636	5009
LPCHMCBP_02637	8857
LPCHMCBP_02638	3108
LPCHMCBP_02639	2529
LPCHMCBP_02640	6817
LPCHMCBP_02641	10982
LPCHMCBP_02642	499
LPCHMCBP_02643	1605
LPCHMCBP_02644	2013
LPCHMCBP_02645	100
LPCHMCBP_02646	275
LPCHMCBP_02647	2984
LPCHMCBP_02648	431
LPCHMCBP_02649	1762
LPCHMCBP_02650	1608
LPCHMCBP_02651	3050
LPCHMCBP_02652	9315
LPCHMCBP_02653	581
LPCHMCBP_02654	1157
LPCHMCBP_02655	1899
LPCHMCBP_02656	4614
LPCHMCBP_02657	5050
LPCHMCBP_02658	1471
LPCHMCBP_02659	1701
LPCHMCBP_02660	3058
LPCHMCBP_02661	948
LPCHMCBP_02662	315
LPCHMCBP_02663	2126
LPCHMCBP_02664	4826
LPCHMCBP_02665	643
LPCHMCBP_02666	27497
LPCHMCBP_02667	11468
LPCHMCBP_02668	20531
LPCHMCBP_02669	3526
LPCHMCBP_02670	7100
LPCHMCBP_02671	351
LPCHMCBP_02672	54
LPCHMCBP_02673	753
LPCHMCBP_02674	409
LPCHMCBP_02675	8310
LPCHMCBP_02676	11789
LPCHMCBP_02677	821
LPCHMCBP_02678	3684
LPCHMCBP_02679	1876
LPCHMCBP_02680	2496
LPCHMCBP_02681	847
LPCHMCBP_02682	3505
LPCHMCBP_02683	5
LPCHMCBP_02684	1818
LPCHMCBP_02685	2480
LPCHMCBP_02686	8065
LPCHMCBP_02687	2
LPCHMCBP_02688	12409
LPCHMCBP_02689	7310
LPCHMCBP_02690	7751
LPCHMCBP_02691	772
LPCHMCBP_02692	159
LPCHMCBP_02693	459
LPCHMCBP_02694	2727
LPCHMCBP_02695	4660
LPCHMCBP_02696	1258
LPCHMCBP_02697	2783
LPCHMCBP_02698	2044
LPCHMCBP_02699	141
LPCHMCBP_02700	9119
LPCHMCBP_02701	7129
LPCHMCBP_02702	4973
LPCHMCBP_02703	4712
LPCHMCBP_02704	463
LPCHMCBP_02705	15476
LPCHMCBP_02706	4643
LPCHMCBP_02707	1745
LPCHMCBP_02708	36
LPCHMCBP_02709	97
LPCHMCBP_02710	776
LPCHMCBP_02711	213
LPCHMCBP_02712	951
LPCHMCBP_02713	421
LPCHMCBP_02714	38
LPCHMCBP_02715	718
LPCHMCBP_02716	169
LPCHMCBP_02717	49
LPCHMCBP_02718	23
LPCHMCBP_02719	4
LPCHMCBP_02720	24
LPCHMCBP_02721	3
LPCHMCBP_02722	3
LPCHMCBP_02723	130
LPCHMCBP_02724	237
LPCHMCBP_02725	81
LPCHMCBP_02726	375
LPCHMCBP_02727	178
LPCHMCBP_02728	162
LPCHMCBP_02729	360
LPCHMCBP_02730	102
LPCHMCBP_02731	369
LPCHMCBP_02732	107
LPCHMCBP_02733	138
LPCHMCBP_02734	114
LPCHMCBP_02735	43
LPCHMCBP_02736	49
LPCHMCBP_02737	13
LPCHMCBP_02738	34
LPCHMCBP_02739	0
LPCHMCBP_02740	10
LPCHMCBP_02741	206
LPCHMCBP_02742	2
LPCHMCBP_02743	39
LPCHMCBP_02744	66
LPCHMCBP_02745	176
LPCHMCBP_02746	27
LPCHMCBP_02747	17
LPCHMCBP_02748	17
LPCHMCBP_02749	6
LPCHMCBP_02750	11
LPCHMCBP_02751	3
LPCHMCBP_02752	5
LPCHMCBP_02753	65
LPCHMCBP_02754	1497
LPCHMCBP_02755	250
LPCHMCBP_02756	2
LPCHMCBP_02757	16
LPCHMCBP_02758	0
LPCHMCBP_02759	0
LPCHMCBP_02760	0
LPCHMCBP_02761	0
LPCHMCBP_02762	0
LPCHMCBP_02778	0
LPCHMCBP_02779	4
LPCHMCBP_02780	3
LPCHMCBP_02781	355
LPCHMCBP_02782	880
LPCHMCBP_02783	130
LPCHMCBP_02784	107
LPCHMCBP_02785	33
LPCHMCBP_02786	102
LPCHMCBP_02787	189
LPCHMCBP_02788	250
LPCHMCBP_02789	52
LPCHMCBP_02790	385
LPCHMCBP_02791	165
LPCHMCBP_02792	137
LPCHMCBP_02793	51
LPCHMCBP_02794	541
LPCHMCBP_02795	1158
LPCHMCBP_02796	70
LPCHMCBP_02797	35
LPCHMCBP_02798	263
LPCHMCBP_02799	177
LPCHMCBP_02800	0
LPCHMCBP_02801	60
LPCHMCBP_02802	18
LPCHMCBP_02803	0
LPCHMCBP_02804	0
LPCHMCBP_02805	0
LPCHMCBP_02806	0
LPCHMCBP_02807	36
LPCHMCBP_02808	37
LPCHMCBP_02809	59
LPCHMCBP_02810	8
LPCHMCBP_02811	104
LPCHMCBP_02812	20
LPCHMCBP_02813	23
LPCHMCBP_02814	16
LPCHMCBP_02815	94
LPCHMCBP_02816	23
LPCHMCBP_02817	27
LPCHMCBP_02818	4
LPCHMCBP_02819	143
LPCHMCBP_02820	105
LPCHMCBP_02821	89
LPCHMCBP_02822	23
LPCHMCBP_02823	395
LPCHMCBP_02824	701
LPCHMCBP_02825	98
LPCHMCBP_02826	288
LPCHMCBP_02827	18
LPCHMCBP_02828	2
LPCHMCBP_02829	1
LPCHMCBP_02830	0
LPCHMCBP_02831	5
LPCHMCBP_02832	8
LPCHMCBP_02833	6
LPCHMCBP_02834	14
LPCHMCBP_02835	18
LPCHMCBP_02836	57
LPCHMCBP_02837	218
LPCHMCBP_02838	1
LPCHMCBP_02839	924
LPCHMCBP_02840	145
LPCHMCBP_02841	693
LPCHMCBP_02842	46
LPCHMCBP_02843	285
LPCHMCBP_02844	717
LPCHMCBP_02845	357
LPCHMCBP_02846	3255
LPCHMCBP_02847	9
LPCHMCBP_02848	12
LPCHMCBP_02849	188
LPCHMCBP_02850	205
LPCHMCBP_02851	41
LPCHMCBP_02852	0
LPCHMCBP_02853	818
LPCHMCBP_02854	162
LPCHMCBP_02855	4807
LPCHMCBP_02856	8070
LPCHMCBP_02857	2600
LPCHMCBP_02858	223
LPCHMCBP_02859	122
LPCHMCBP_02860	39
LPCHMCBP_02861	12
LPCHMCBP_02862	2
LPCHMCBP_02863	122
LPCHMCBP_02864	541
LPCHMCBP_02865	313
LPCHMCBP_02866	445
LPCHMCBP_02867	0
LPCHMCBP_02868	147
LPCHMCBP_02869	0
LPCHMCBP_02870	1032
LPCHMCBP_02871	913
LPCHMCBP_02872	75
LPCHMCBP_02873	683
LPCHMCBP_02874	285
LPCHMCBP_02875	454
LPCHMCBP_02876	1215
LPCHMCBP_02877	501
LPCHMCBP_02878	16
LPCHMCBP_02879	1
LPCHMCBP_02880	21
LPCHMCBP_02881	3
LPCHMCBP_02882	458
LPCHMCBP_02883	34
LPCHMCBP_02884	97
LPCHMCBP_02885	426
LPCHMCBP_02886	148
LPCHMCBP_02887	9
LPCHMCBP_02888	4
LPCHMCBP_02889	0
LPCHMCBP_02890	0
LPCHMCBP_02891	236
LPCHMCBP_02892	144
LPCHMCBP_02893	3
LPCHMCBP_02894	180
LPCHMCBP_02895	4239
LPCHMCBP_02896	5630
LPCHMCBP_02897	72
LPCHMCBP_02898	787
LPCHMCBP_02899	1477
LPCHMCBP_02900	188
LPCHMCBP_02901	453
LPCHMCBP_02902	611
LPCHMCBP_02903	247
LPCHMCBP_02904	253
LPCHMCBP_02905	283
LPCHMCBP_02906	45
LPCHMCBP_02907	89
LPCHMCBP_02908	21
LPCHMCBP_02909	14
LPCHMCBP_02910	119
LPCHMCBP_02911	139
LPCHMCBP_02912	21
LPCHMCBP_02913	116
LPCHMCBP_02914	70
LPCHMCBP_02915	54
LPCHMCBP_02916	51
LPCHMCBP_02917	145
LPCHMCBP_02918	321
LPCHMCBP_02919	231
LPCHMCBP_02920	72
LPCHMCBP_02921	160
LPCHMCBP_02922	0
LPCHMCBP_02923	1
LPCHMCBP_02924	33
LPCHMCBP_02925	46
LPCHMCBP_02926	2
LPCHMCBP_02927	26
LPCHMCBP_02928	2350
LPCHMCBP_02929	264
LPCHMCBP_02930	260
LPCHMCBP_02931	83
LPCHMCBP_02932	23
LPCHMCBP_02933	485
LPCHMCBP_02934	520
LPCHMCBP_02935	74
LPCHMCBP_02936	578
LPCHMCBP_02937	160
LPCHMCBP_02938	633
LPCHMCBP_02939	169
LPCHMCBP_02940	96
LPCHMCBP_02941	0
LPCHMCBP_02942	376
LPCHMCBP_02943	29
LPCHMCBP_02944	677
LPCHMCBP_02945	24
LPCHMCBP_02946	12
LPCHMCBP_02947	67
LPCHMCBP_02948	35
LPCHMCBP_02949	192
LPCHMCBP_02950	470
LPCHMCBP_02951	858
LPCHMCBP_02952	102
LPCHMCBP_02953	30
LPCHMCBP_02954	18
LPCHMCBP_02955	5
LPCHMCBP_02956	189
LPCHMCBP_02957	250
LPCHMCBP_02958	254
LPCHMCBP_02959	504
LPCHMCBP_02960	243
LPCHMCBP_02961	22
LPCHMCBP_02962	1825
LPCHMCBP_02963	2055
LPCHMCBP_02964	1863
LPCHMCBP_02965	31
LPCHMCBP_02966	48
LPCHMCBP_02967	45
LPCHMCBP_02968	6
LPCHMCBP_02969	11
LPCHMCBP_02970	117
LPCHMCBP_02971	304
LPCHMCBP_02972	64
LPCHMCBP_02973	12
LPCHMCBP_02974	166
LPCHMCBP_02975	40
LPCHMCBP_02976	296
LPCHMCBP_02977	12
LPCHMCBP_02978	203
LPCHMCBP_02979	41
LPCHMCBP_02980	38
LPCHMCBP_02981	55
LPCHMCBP_02982	6
LPCHMCBP_02983	57
LPCHMCBP_02984	175
LPCHMCBP_02985	3
LPCHMCBP_02986	0
LPCHMCBP_02987	379
LPCHMCBP_02988	103
LPCHMCBP_02989	9
LPCHMCBP_02990	337
LPCHMCBP_02991	1
LPCHMCBP_02992	109
LPCHMCBP_02993	51
LPCHMCBP_02994	158
LPCHMCBP_02995	78
LPCHMCBP_02996	223
LPCHMCBP_02997	144
LPCHMCBP_02998	59
LPCHMCBP_02999	12
LPCHMCBP_03000	42
LPCHMCBP_03001	40
LPCHMCBP_03002	58
LPCHMCBP_03003	47
LPCHMCBP_03004	2274
LPCHMCBP_03005	42
LPCHMCBP_03006	452
LPCHMCBP_03007	401
LPCHMCBP_03008	15
LPCHMCBP_03009	172
LPCHMCBP_03010	20
LPCHMCBP_03011	208
LPCHMCBP_03012	725
LPCHMCBP_03013	211
LPCHMCBP_03014	1128
LPCHMCBP_03015	2472
LPCHMCBP_03016	61
LPCHMCBP_03017	17
LPCHMCBP_03018	519
LPCHMCBP_03019	90
LPCHMCBP_03020	23
LPCHMCBP_03021	7
LPCHMCBP_03022	19
LPCHMCBP_03023	210
LPCHMCBP_03024	312
LPCHMCBP_03025	479
LPCHMCBP_03026	273
LPCHMCBP_03027	6
LPCHMCBP_03028	148
LPCHMCBP_03029	106
LPCHMCBP_03030	70
LPCHMCBP_03031	0
LPCHMCBP_03032	0
LPCHMCBP_03033	8
LPCHMCBP_03034	73
LPCHMCBP_03035	0
LPCHMCBP_03036	79
LPCHMCBP_03037	56
LPCHMCBP_03038	29
LPCHMCBP_03039	28
LPCHMCBP_03040	24
LPCHMCBP_03041	3
LPCHMCBP_03042	13
LPCHMCBP_03043	27
LPCHMCBP_03044	29
LPCHMCBP_03045	32
LPCHMCBP_03046	75
LPCHMCBP_03047	32
LPCHMCBP_03048	0
LPCHMCBP_03049	0
LPCHMCBP_03050	0
LPCHMCBP_03051	0
LPCHMCBP_03052	0
LPCHMCBP_03053	0
LPCHMCBP_03054	0
LPCHMCBP_03055	0
LPCHMCBP_03056	0
LPCHMCBP_03057	0
LPCHMCBP_03058	0
LPCHMCBP_03059	0
LPCHMCBP_03060	0
LPCHMCBP_03061	0
LPCHMCBP_03062	1
LPCHMCBP_03063	0
LPCHMCBP_03064	0
LPCHMCBP_03065	0
LPCHMCBP_03066	43
LPCHMCBP_03067	130
LPCHMCBP_03068	0
LPCHMCBP_03069	0
LPCHMCBP_03070	451
LPCHMCBP_03071	202
LPCHMCBP_03072	544
LPCHMCBP_03073	3949
LPCHMCBP_03074	47
LPCHMCBP_03075	301
LPCHMCBP_03076	75
LPCHMCBP_03077	509
LPCHMCBP_03078	0
LPCHMCBP_03079	27
LPCHMCBP_03080	260
LPCHMCBP_03081	360
LPCHMCBP_03082	22512
LPCHMCBP_03083	5308
LPCHMCBP_03084	1163
LPCHMCBP_03085	247
LPCHMCBP_03086	184
LPCHMCBP_03087	192
LPCHMCBP_03088	1717
LPCHMCBP_03089	17
LPCHMCBP_03090	254
LPCHMCBP_03091	478
LPCHMCBP_03092	0
LPCHMCBP_03093	562
LPCHMCBP_03094	1017
LPCHMCBP_03095	344
LPCHMCBP_03096	50
LPCHMCBP_03097	312
LPCHMCBP_03098	196
LPCHMCBP_03099	0
LPCHMCBP_03100	6
LPCHMCBP_03101	693
LPCHMCBP_03102	1666
LPCHMCBP_03103	176
LPCHMCBP_03104	0
LPCHMCBP_03105	0
LPCHMCBP_03106	0
LPCHMCBP_03107	0
LPCHMCBP_03108	0
LPCHMCBP_03109	1
LPCHMCBP_03110	0
LPCHMCBP_03111	0
LPCHMCBP_03112	0
LPCHMCBP_03113	0
LPCHMCBP_03114	0
LPCHMCBP_03115	0
LPCHMCBP_03116	0
LPCHMCBP_03117	0
LPCHMCBP_03118	73
LPCHMCBP_03119	118
LPCHMCBP_03120	1
LPCHMCBP_03121	1
LPCHMCBP_03122	26
LPCHMCBP_03123	94
LPCHMCBP_03124	18
LPCHMCBP_03125	2
LPCHMCBP_03126	58
LPCHMCBP_03127	14
LPCHMCBP_03128	34
LPCHMCBP_03129	72
LPCHMCBP_03130	26
LPCHMCBP_03131	61
LPCHMCBP_03132	4
LPCHMCBP_03133	0
LPCHMCBP_03134	0
LPCHMCBP_03135	0
LPCHMCBP_03136	0
LPCHMCBP_03137	402
LPCHMCBP_03138	0
LPCHMCBP_03139	3
LPCHMCBP_03140	0
LPCHMCBP_03141	305
LPCHMCBP_03142	50
LPCHMCBP_03143	503
LPCHMCBP_03144	112
LPCHMCBP_03145	6
LPCHMCBP_03146	13
LPCHMCBP_03147	805
LPCHMCBP_03148	630
LPCHMCBP_03149	493
LPCHMCBP_03150	0
LPCHMCBP_03151	1
LPCHMCBP_03152	0
LPCHMCBP_03153	0
LPCHMCBP_03154	0
LPCHMCBP_03155	0
LPCHMCBP_03156	0
LPCHMCBP_03157	2
LPCHMCBP_03158	0
LPCHMCBP_03159	84
LPCHMCBP_03160	153
LPCHMCBP_03161	19
LPCHMCBP_03162	62
LPCHMCBP_03163	17
LPCHMCBP_03164	32
LPCHMCBP_03165	18
LPCHMCBP_03166	40
LPCHMCBP_03167	9
LPCHMCBP_03168	19
LPCHMCBP_03169	19
LPCHMCBP_03170	6
LPCHMCBP_03171	10
LPCHMCBP_03172	27
LPCHMCBP_03173	3
LPCHMCBP_03174	58
LPCHMCBP_03175	36
LPCHMCBP_03176	33
LPCHMCBP_03177	1
LPCHMCBP_03178	58
LPCHMCBP_03179	382
LPCHMCBP_03180	2
LPCHMCBP_03181	16
LPCHMCBP_03182	15
LPCHMCBP_03183	19
LPCHMCBP_03184	7
LPCHMCBP_03185	6
LPCHMCBP_03186	0
LPCHMCBP_03187	48
LPCHMCBP_03188	32
LPCHMCBP_03189	85
LPCHMCBP_03190	13
LPCHMCBP_03191	16
LPCHMCBP_03192	0
LPCHMCBP_03193	0
LPCHMCBP_03194	0
LPCHMCBP_03195	0
LPCHMCBP_03196	0
LPCHMCBP_03197	306
LPCHMCBP_03198	0
LPCHMCBP_03199	219
LPCHMCBP_03200	0
LPCHMCBP_03201	354
LPCHMCBP_03202	785
LPCHMCBP_03203	323
LPCHMCBP_03204	67
LPCHMCBP_03205	0
LPCHMCBP_03206	1
LPCHMCBP_03207	0
LPCHMCBP_03208	0
LPCHMCBP_03209	0
LPCHMCBP_03210	2
LPCHMCBP_03211	0
LPCHMCBP_03212	1
__no_feature	764084
__ambiguous	984892
__too_low_aQual	150506
__not_aligned	168930
__alignment_not_unique	0
